TICKER;PRECO;DY;P/L;P/VP;P/ATIVOS;MARGEM BRUTA;MARGEM EBIT;MARG. LIQUIDA;P/EBIT;EV/EBIT;DIVIDA LIQUIDA / EBIT;DIV. LIQ. / PATRI.;PSR;P/CAP. GIRO;P. AT CIR. LIQ.;LIQ. CORRENTE;ROE;ROA;ROIC;PATRIMONIO / ATIVOS;PASSIVOS / ATIVOS;GIRO ATIVOS;CAGR RECEITAS 5 ANOS;CAGR LUCROS 5 ANOS; LIQUIDEZ MEDIA DIARIA; VPA; LPA; PEG Ratio; VALOR DE MERCADO
AALR3;9,98;;-12,12;0,96;0,46;17,80;-0,98;-10,49;-129,41;-191,31;-61,90;0,46;1,27;12,77;-0,60;1,19;-7,96;-3,83;-1,41;0,48;0,52;0,37;5,83;;5.977.959,10;10,34;-0,82;0,04;1.180.562.303,68
ABCB4;16,00;4,44;11,23;0,84;0,08;1,96;-1,80;5,46;-34,07;-34,07;;;0,61;0,84;-0,10;3,23;7,51;0,74;;0,10;0,90;0,14;1,17;-2,60;9.777.438,87;18,97;1,42;-0,32;3.617.441.888,00
ABEV3;17,23;2,85;21,00;3,31;2,03;52,95;27,05;20,69;16,06;15,22;-0,85;-0,17;4,34;52,36;-2,81;1,16;15,74;9,68;17,16;0,61;0,37;0,47;4,56;-1,85;335.162.286,20;5,21;0,82;0,79;270.557.592.361,38
ADHM3;1,56;;-4,09;-1,29;105,12;100,00;-13.548,48;-18.860,61;-5,69;-5,69;0,00;;770,90;-1,43;-116,16;0,00;-31,47;-2.571,90;22,61;-81,72;82,72;0,14;;;94.201,44;-1,21;-0,38;-0,58;25.439.770,20
AERI3;8,52;;57,67;6,76;2,75;11,13;9,30;5,13;31,77;34,01;2,23;0,47;2,96;9,00;-9,29;1,77;11,72;4,78;9,41;0,41;0,59;0,93;;;36.746.307,60;1,26;0,15;2,09;6.528.138.645,12
AESB3;14,30;1,19;;3,05;0,59;;;;;;;2,42;;10,36;-0,77;1,34;0,00;0,00;;0,19;0,81;0,00;;;19.123.868,73;4,69;0,00;;5.707.223.236,00
AFLT3;9,30;13,82;31,07;3,03;2,77;67,61;54,72;52,63;29,89;28,13;-1,76;-0,18;16,35;10,66;-3,86;13,16;9,76;8,93;9,29;0,92;0,08;0,17;5,56;8,17;27.571,62;3,07;0,30;-1,31;586.687.710,00
AGRO3;32,51;2,18;13,67;1,54;0,93;41,46;34,26;18,64;7,44;8,23;0,79;0,16;2,55;5,80;-1,62;1,61;11,27;6,83;13,49;0,61;0,39;0,37;13,49;-7,94;43.159.218,10;21,09;2,38;1,34;2.669.210.825,51
AHEB3;21,50;;-7,68;50,86;0,61;26,77;-5,66;-11,20;-15,20;-10,96;4,21;-14,09;0,86;-5,74;-0,83;0,72;-662,49;-7,88;-334,66;0,01;0,99;0,70;1,88;;26.408,40;0,42;-2,80;0,18;183.353.678,50
AHEB5;19,00;;-6,78;44,94;0,53;26,77;-5,66;-11,20;-13,43;-10,96;4,21;-14,09;0,76;-5,07;-0,73;0,72;-662,49;-7,88;-334,66;0,01;0,99;0,70;1,88;;8.922,50;0,42;-2,80;0,15;183.353.678,50
AHEB6;30,00;;-10,71;70,96;0,84;26,77;-5,66;-11,20;-21,20;-10,96;4,21;-14,09;1,20;-8,01;-1,16;0,72;-662,49;-7,88;-334,66;0,01;0,99;0,70;1,88;;7.733,33;0,42;-2,80;0,24;183.353.678,50
ALLD3;18,42;;30,12;1,46;0,45;14,88;4,78;2,83;17,85;19,44;1,60;0,13;0,85;2,26;-1,69;1,37;4,84;1,48;5,79;0,31;0,69;0,52;;;1.883.482,04;12,63;0,61;;1.675.726.509,78
ALPA3;39,92;;95,65;7,64;4,84;53,23;13,11;6,98;50,88;53,05;-1,49;-0,22;6,67;15,90;-11,01;2,19;7,98;5,06;11,74;0,63;0,35;0,73;-3,59;-13,58;197.050,43;5,23;0,42;-117,40;25.128.821.762,98
ALPA4;45,82;;109,79;8,76;5,56;53,23;13,11;6,98;58,40;53,05;-1,49;-0,22;7,66;18,25;-12,63;2,19;7,98;5,06;11,74;0,63;0,35;0,73;-3,59;-13,58;73.185.356,70;5,23;0,42;-134,75;25.128.821.762,98
ALPK3;8,06;;-9,14;2,27;0,58;25,38;1,26;-26,33;190,67;366,24;175,57;2,09;2,41;-2,57;-0,63;0,25;-24,89;-6,34;0,30;0,25;0,75;0,24;;;450.772,30;3,55;-0,88;-0,03;1.561.795.114,36
ALSO3;27,45;0,82;43,15;0,96;0,67;66,20;40,15;21,20;22,78;18,46;-4,32;-0,18;9,15;5,11;-0,81;4,37;2,22;1,55;3,37;0,70;0,30;0,07;19,22;-0,15;41.314.516,67;28,66;0,64;0,06;7.337.986.400,58
ALUP11;27,35;3,07;7,38;1,32;0,34;60,24;58,47;16,65;2,10;4,00;1,90;1,19;1,23;4,81;-0,41;1,71;17,83;4,62;15,55;0,26;0,59;0,28;32,68;29,19;31.139.755,83;20,79;3,71;0,12;8.014.564.402,38
ALUP3;9,06;3,09;7,33;1,31;0,34;60,24;58,47;16,65;2,09;4,00;1,90;1,19;1,22;4,78;-0,41;1,71;17,83;4,62;15,55;0,26;0,59;0,28;32,68;29,19;223.640,23;6,93;1,24;0,12;8.014.564.402,38
ALUP4;9,24;3,03;7,48;1,33;0,35;60,24;58,47;16,65;2,13;4,00;1,90;1,19;1,24;4,88;-0,42;1,71;17,83;4,62;15,55;0,26;0,59;0,28;32,68;29,19;266.814,33;6,93;1,24;0,12;8.014.564.402,38
AMAR3;6,17;;;1,71;0,49;39,38;-12,13;0,00;-6,72;-11,71;-4,99;1,27;0,81;6,37;-0,99;1,18;0,00;0,00;-10,34;0,29;0,71;0,60;-7,53;;44.714.249,03;3,61;0,00;;1.622.333.781,80
AMBP3;28,12;0,34;70,85;2,59;1,93;22,63;18,40;6,39;24,59;21,62;-2,98;-0,31;4,53;4,53;-4,08;5,23;3,66;2,73;7,27;0,75;0,25;0,43;;;11.578.209,53;10,85;0,40;1,67;3.175.748.734,56
ANIM3;11,85;;-116,42;1,89;1,04;51,80;8,31;-2,89;40,50;40,83;0,33;0,02;3,37;2,87;-1,93;4,78;-1,63;-0,90;2,96;0,55;0,45;0,31;11,24;;25.921.633,80;6,26;-0,10;-0,35;4.785.845.339,25
APER3;56,20;0,09;4.887,75;2,24;1,44;100,00;-2,85;0,12;-206,46;-206,46;;;5,88;5,92;-2,22;3,28;0,05;0,03;;0,65;0,35;0,25;-11,42;;5.749.383,63;25,14;0,01;-46,13;645.183.530,80
APTI3;197,64;;0,07;0,01;0,01;29,60;283,02;228,44;0,06;0,62;-0,06;-0,01;0,16;0,04;-0,01;2,49;20,23;10,93;19,81;0,54;0,46;0,05;-22,74;84,17;;14.055,55;2.843,13;0,00;44.442.750,00
APTI4;3.500,00;;1,23;0,25;0,13;29,60;283,02;228,44;0,99;0,62;-0,06;-0,01;2,81;0,75;-0,19;2,49;20,23;10,93;19,81;0,54;0,46;0,05;-22,74;84,17;;14.055,55;2.843,13;0,00;44.442.750,00
ARZZ3;83,84;0,66;171,93;6,19;2,95;47,47;5,79;3,05;90,69;91,48;0,79;0,05;5,25;12,78;-6,59;1,72;3,60;1,72;4,34;0,48;0,52;0,56;7,26;-16,50;60.330.220,13;13,54;0,49;-2,45;8.353.097.749,76
ASAI3;85,52;0,37;67,50;14,43;1,30;15,76;4,68;1,97;28,37;34,31;5,94;3,02;1,33;-140,79;-2,18;0,98;21,38;1,93;7,04;0,09;0,91;0,98;;;129.083.976,10;5,93;1,27;;22.949.426.009,84
ATMP3;9,70;;-1,12;1,44;0,13;1,81;-15,64;-22,72;-1,63;-3,39;-1,77;1,56;0,25;-0,70;-0,16;0,48;-128,42;-12,05;-33,09;0,09;0,91;0,53;-16,98;;2.035.650,33;6,74;-8,66;0,02;240.448.178,40
ATOM3;8,60;3,49;14,58;12,37;6,60;100,00;32,02;40,02;18,22;16,72;-1,50;-1,02;5,83;7,91;-303,09;6,76;84,86;45,26;63,27;0,53;0,47;1,13;;;6.183.016,60;0,70;0,59;0,03;179.731.348,40
AURA33;63,80;7,20;8,36;2,95;1,39;45,23;31,96;27,16;7,10;6,55;-0,55;-0,23;2,27;12,34;-2,45;1,36;35,29;16,69;27,80;0,47;0,53;0,61;;;11.278.778,73;21,63;7,63;0,00;4.513.368.948,00
AVLL3;25,95;;-1,90;1,47;0,25;-34,97;-167,68;-170,20;-1,93;-4,03;-2,10;1,60;3,23;1,83;-0,43;1,50;-77,32;-13,36;-22,16;0,17;0,83;0,08;;;248.328,62;17,70;-13,68;0,05;581.689.854,30
AZEV3;6,73;;-1,09;-555,19;2.091,18;1.622,59;3.562,68;5.901,50;-1,81;-1,48;0,00;;;-1.129,45;-5.549,94;0,25;-50.725,37;-191.061,17;50.838,86;-3,77;4,77;-32,38;-38,42;;1.273.053,40;-0,01;-6,15;-0,02;108.702.000,00
AZEV4;4,87;;-0,79;-401,75;1.513,23;1.622,59;3.562,68;5.901,50;-1,31;-1,48;0,00;;;-817,30;-4.016,08;0,25;-50.725,37;-191.061,17;50.838,86;-3,77;4,77;-32,38;-38,42;;1.932.890,03;-0,01;-6,15;-0,02;108.702.000,00
AZUL4;39,66;;-6,70;-2,96;3,30;-3,66;-37,84;-156,71;-27,76;-30,80;-3,04;;10,50;-8,80;-4,71;0,45;-44,18;-49,17;19,84;-1,11;2,11;0,31;-1,70;;239.762.018,13;-13,39;-5,92;0,48;50.235.449.607,39
B3SA3;53,55;4,84;74,85;13,47;7,10;90,38;61,43;44,64;54,38;52,97;-1,42;-0,35;33,41;44,46;-11,19;1,78;18,00;9,49;13,99;0,53;0,47;0,21;33,29;13,50;643.990.218,10;3,97;0,72;1,88;328.169.820.000,00
BAHI3;74,55;;-3,93;0,97;0,30;38,67;-11,71;-23,37;-7,84;-8,22;-0,38;0,05;0,92;-1,90;-0,33;0,40;-24,59;-7,61;-12,58;0,31;0,69;0,33;;;47.696,65;77,13;-18,96;-0,01;180.341.668,50
BALM3;18,39;3,26;10,58;1,49;0,84;50,03;10,60;10,45;10,44;9,01;-0,75;-0,11;1,11;2,71;-2,13;2,05;14,05;7,94;8,91;0,57;0,43;0,76;7,78;1,84;72.148,78;12,37;1,74;0,06;168.511.000,00
BALM4;16,00;4,19;9,21;1,29;0,73;50,03;10,60;10,45;9,08;9,01;-0,75;-0,11;0,96;2,36;-1,85;2,05;14,05;7,94;8,91;0,57;0,43;0,76;7,78;1,84;76.906,14;12,37;1,74;0,05;168.511.000,00
BAUH4;85,00;;20,65;4,72;3,09;21,72;11,40;11,43;20,70;19,79;-0,91;-0,21;2,36;65,17;-4,91;1,15;22,84;14,95;16,51;0,65;0,35;1,31;10,90;33,53;74.798,42;18,02;4,12;0,44;443.888.870,00
BAZA3;38,33;6,78;4,28;0,47;0,05;37,94;42,64;27,94;2,80;2,80;;;1,20;2,26;-0,06;;10,99;1,28;;0,12;0,88;0,05;-8,12;1,30;74.859,19;81,52;8,96;-1,20;1.136.329.915,11
BBAS3;31,15;4,62;6,62;0,70;0,05;28,46;11,98;12,78;7,06;7,06;;;0,85;1,54;-0,05;13,92;10,57;0,71;;0,07;0,93;0,06;-11,56;-3,39;465.367.060,07;44,53;4,70;-0,26;89.401.011.024,00
BBDC3;21,61;2,80;10,87;1,46;0,15;36,57;20,60;22,22;11,73;12,60;;;2,42;1,99;-0,17;6,19;13,39;1,39;;0,10;0,90;0,06;-3,00;-2,54;119.012.054,07;14,84;1,99;3,50;226.079.170.361,99
BBDC4;24,83;2,68;12,49;1,67;0,17;36,57;20,60;22,22;13,48;12,60;;;2,78;2,29;-0,19;6,19;13,39;1,39;;0,10;0,90;0,06;-3,00;-2,54;932.985.599,13;14,84;1,99;4,02;226.079.170.361,99
BBML3;3.936,42;0,01;14.941,03;1.266,22;175,86;12,27;3,44;1,00;4.341,93;4.349,43;7,50;2,19;149,41;2.692,28;-320,05;1,17;8,47;1,18;6,61;0,14;0,86;1,18;45,38;25,57;;3,11;0,26;581,24;160.451.699.191,56
BBRK3;2,01;;-0,89;-3,78;0,77;62,65;-171,31;-175,32;-0,91;-0,69;0,22;;1,55;-6,80;-1,06;0,71;-426,12;-86,80;418,72;-0,20;1,20;0,50;-9,38;;2.622.846,43;-0,53;-2,27;-0,01;157.848.966,24
BBSE3;23,45;5,76;11,89;6,55;4,54;;;;9,55;9,55;;;;26,42;-6,63;2,20;55,06;38,17;;0,69;0,31;0,00;;-1,76;155.976.940,83;3,58;1,97;-0,30;46.700.000.000,00
BDLL3;11,89;;-0,29;-0,12;0,03;-86,74;-295,31;-321,27;-0,32;-4,32;-4,04;;0,93;-0,08;-0,05;0,52;-40,12;-9,88;-86,38;-0,25;1,25;0,03;-46,07;;193.173,73;-101,97;-40,91;0,00;17.197.233,28
BDLL4;10,05;;-0,25;-0,10;0,02;-86,74;-295,31;-321,27;-0,27;-4,32;-4,04;;0,79;-0,07;-0,04;0,52;-40,12;-9,88;-86,38;-0,25;1,25;0,03;-46,07;;155.249,80;-101,97;-40,91;0,00;17.197.233,28
BEEF3;9,84;10,47;7,89;5,33;0,30;19,14;8,97;3,26;2,87;5,72;2,85;5,31;0,26;0,92;-0,92;1,90;67,61;3,77;14,26;0,06;0,94;1,16;15,30;;114.723.252,77;1,84;1,25;0,07;5.413.845.994,75
BEES3;5,13;3,91;7,71;0,95;0,05;51,44;22,72;14,43;4,90;5,03;;;1,11;0,78;-0,06;;12,26;0,69;;0,06;0,94;0,05;-7,16;7,23;314.827,00;5,43;0,67;-0,75;1.664.616.443,80
BEES4;5,65;3,55;8,49;1,04;0,06;51,44;22,72;14,43;5,39;5,03;;;1,23;0,86;-0,06;;12,26;0,69;;0,06;0,94;0,05;-7,16;7,23;22.524,73;5,43;0,67;-0,82;1.664.616.443,80
BFRE11;0,00;;0,00;0,00;0,00;;;;0,00;;-16,29;-0,33;;0,00;0,00;13,21;4,76;4,56;-0,40;0,96;0,04;0,00;;-3,40;;256.545,33;12.220,36;0,00;
BFRE12;0,00;;0,00;0,00;0,00;;;;0,00;;-16,29;-0,33;;0,00;0,00;13,21;4,76;4,56;-0,40;0,96;0,04;0,00;;-3,40;;256.545,33;12.220,36;0,00;
BGIP3;36,53;2,71;10,28;1,14;0,08;71,66;12,77;8,57;6,90;5,53;;;0,88;-0,53;-0,17;0,77;11,14;0,80;;0,07;0,93;0,09;0,74;14,88;25.287,64;31,91;3,56;-0,29;447.318.158,85
BGIP4;22,00;4,96;6,19;0,69;0,05;71,66;12,77;8,57;4,15;5,53;;;0,53;-0,32;-0,10;0,77;11,14;0,80;;0,07;0,93;0,09;0,74;14,88;22.648,50;31,91;3,56;-0,18;447.318.158,85
BIDI11;181,86;0,08;-6.438,88;14,03;2,34;57,47;-9,54;-0,77;-521,70;-521,70;;;49,78;-25,24;-4,40;0,83;-0,22;-0,04;;0,17;0,83;0,05;14,14;;352.702.235,53;12,96;-0,03;59,01;46.167.360.260,37
BIDI3;60,95;0,08;-6.473,93;14,11;2,36;57,47;-9,54;-0,77;-524,54;-521,70;;;50,05;-25,37;-4,43;0,83;-0,22;-0,04;;0,17;0,83;0,05;14,14;;22.547.733,53;4,32;-0,01;59,33;46.167.360.260,37
BIDI4;59,99;0,08;-6.371,97;13,89;2,32;57,47;-9,54;-0,77;-516,27;-521,70;;;49,26;-24,97;-4,36;0,83;-0,22;-0,04;;0,17;0,83;0,05;14,14;;191.224.240,80;4,32;-0,01;58,39;46.167.360.260,37
BIOM3;16,29;;-15,59;5,76;2,54;23,75;-94,72;-120,62;-19,85;-20,68;-0,83;0,24;18,80;8,19;-4,71;3,03;-36,96;-16,27;-14,65;0,44;0,56;0,13;;;360.067,53;2,83;-1,05;-0,58;1.103.097.745,08
BKBR3;10,76;;-5,36;1,76;0,81;59,01;-20,55;-25,67;-6,70;-7,18;-0,48;0,13;1,38;7,64;-1,05;1,80;-32,90;-15,01;-19,86;0,46;0,54;0,58;18,70;;30.977.699,23;6,10;-2,01;0,00;2.962.824.609,72
BLAU3;42,49;;63,35;24,32;5,21;49,75;35,08;21,57;38,94;41,86;2,91;1,82;13,66;16,02;-14,41;2,04;38,38;8,23;13,26;0,21;0,79;0,38;;;20.794.271,63;1,75;0,67;;7.448.457.824,22
BMEB3;18,79;4,13;6,52;1,00;0,09;66,23;10,12;6,76;4,35;4,28;;;0,44;0,46;-0,18;1,71;15,29;1,41;;0,09;0,91;0,21;-9,42;12,08;10.055,48;18,85;2,88;0,19;969.022.359,70
BMEB4;17,99;4,75;6,24;0,95;0,09;66,23;10,12;6,76;4,17;4,28;;;0,42;0,44;-0,17;1,71;15,29;1,41;;0,09;0,91;0,21;-9,42;12,08;86.109,13;18,85;2,88;0,19;969.022.359,70
BMGB4;4,42;4,04;8,43;0,64;0,09;73,01;8,63;7,38;7,21;7,21;;;0,62;;-0,09;;7,60;1,06;;0,14;0,86;0,14;11,98;8,39;8.027.596,40;6,90;0,52;-0,48;2.577.887.256,62
BMIN3;22,00;;43,26;0,85;0,51;81,20;37,26;21,89;25,41;25,16;;;9,47;10,96;-0,70;1,21;1,96;1,19;;0,61;0,39;0,05;-1,79;-9,57;18.073,20;25,93;0,51;4,24;105.089.185,50
BMIN4;20,50;6,83;40,31;0,79;0,48;81,20;37,26;21,89;23,68;25,16;;;8,82;10,21;-0,65;1,21;1,96;1,19;;0,61;0,39;0,05;-1,79;-9,57;22.297,62;25,93;0,51;3,95;105.089.185,50
BMKS3;236,00;;30,82;0,56;0,50;31,27;6,38;15,98;77,15;-29,86;-107,01;-0,78;4,93;0,67;-2,10;31,67;1,83;1,61;-0,20;0,88;0,12;0,10;1,12;-20,41;27.350,33;418,81;7,66;1,04;107.321.000,00
BMOB3;19,35;;42,54;11,38;3,85;57,95;42,06;28,92;29,25;27,40;-1,85;-0,72;12,30;-22,18;-7,43;0,74;26,75;9,05;24,88;0,34;0,66;0,31;;;22.072.208,83;1,70;0,45;;1.759.090.930,20
BNBR3;68,61;4,09;5,81;0,96;0,10;57,57;40,13;25,83;3,74;3,74;;;1,50;1,77;-0,10;;16,51;1,65;;0,10;0,90;0,06;-9,48;27,23;16.329,29;71,46;11,80;-0,14;5.925.946.145,04
BOAS3;12,22;0,62;361,77;3,59;2,66;42,69;9,91;2,79;101,93;84,26;-17,67;-0,62;10,10;5,17;-6,61;7,24;0,99;0,74;1,90;0,74;0,26;0,26;;;12.591.094,10;3,40;0,03;-5,15;6.458.952.609,20
BOBR3;0,00;;0,00;0,00;0,00;37,35;11,13;3,47;0,00;4,28;1,93;;0,00;0,00;0,00;0,58;-16,30;5,92;500,50;-0,36;1,36;1,71;1,10;;;-0,94;0,15;0,00;302.320.376,52
BOBR4;2,46;;16,04;-2,61;0,95;37,35;11,13;3,47;4,99;4,28;1,93;;0,56;-3,10;-1,63;0,58;-16,30;5,92;500,50;-0,36;1,36;1,71;1,10;;474.689,93;-0,94;0,15;-0,08;302.320.376,52
BPAC11;112,26;1,08;31,90;3,44;0,35;-7,36;7,72;24,86;102,67;102,67;;;7,93;5,75;-1,16;1,09;10,78;1,09;;0,10;0,90;0,04;2,49;41,61;397.921.397,13;32,63;3,52;-2,54;104.665.108.787,93
BPAC3;58,81;0,69;50,13;5,41;0,55;-7,36;7,72;24,86;161,37;102,67;;;12,46;9,03;-1,82;1,09;10,78;1,09;;0,10;0,90;0,04;2,49;41,61;291.316,77;10,88;1,17;-3,99;104.665.108.787,93
BPAC5;26,49;1,53;22,58;2,44;0,25;-7,36;7,72;24,86;72,68;102,67;;;5,61;4,07;-0,82;1,09;10,78;1,09;;0,10;0,90;0,04;2,49;41,61;193.125,73;10,88;1,17;-1,80;104.665.108.787,93
BPAN4;17,50;1,21;31,23;3,88;0,54;68,22;10,69;7,41;21,63;21,63;;;2,31;-3,10;-0,91;0,70;12,43;1,72;;0,14;0,86;0,23;4,82;34,24;112.712.449,27;4,51;0,56;-10,36;20.980.027.066,61
BPAR3;182,07;4,89;7,19;1,17;0,16;80,40;31,54;15,44;3,52;3,52;;;1,11;1,37;-0,19;;16,25;2,28;;0,14;0,86;0,15;3,12;3,40;;155,92;25,33;-0,28;1.733.606.633,43
BPAT33;44,05;;6,98;0,66;0,09;51,56;21,77;5,61;1,80;1,80;;;0,39;;-0,12;;9,46;1,35;;0,14;0,86;0,24;14,99;-24,79;;66,71;6,31;-0,11;1.533.769.021,00
BPHA3;0,62;;0,06;-0,24;0,99;98,02;1.029,99;13.896,67;0,80;1,66;0,85;;8,28;-0,38;-1,18;0,06;-402,50;1.669,02;-36,75;-4,15;5,15;0,12;-68,85;;;-2,58;10,40;0,00;70.110.298,74
BRAP3;61,70;8,02;14,64;1,91;1,90;;;;14,70;16,12;-0,04;-0,01;;56,50;-1,97;11,80;13,03;12,99;12,98;1,00;0,00;0,00;;;2.748.903,03;32,34;4,22;-0,03;23.605.843.482,74
BRAP4;71,14;7,66;16,88;2,20;2,19;;;;16,95;16,12;-0,04;-0,01;;65,14;-2,28;11,80;13,03;12,99;12,98;1,00;0,00;0,00;;;190.329.827,97;32,34;4,22;-0,04;23.605.843.482,74
BRDT3;24,92;10,04;6,97;2,38;1,02;6,23;5,72;4,82;5,87;6,92;1,05;0,43;0,34;4,53;-1,94;1,92;34,10;14,70;18,89;0,43;0,57;3,05;-3,48;;205.976.200,40;10,48;3,57;0,06;29.008.500.000,00
BRFS3;20,91;;12,28;1,93;0,34;24,00;7,21;3,51;5,97;11,07;5,10;1,65;0,43;2,27;-0,64;1,48;15,70;2,79;8,34;0,18;0,82;0,79;4,16;-14,99;169.194.701,33;10,85;1,70;0,03;16.996.940.306,32
BRGE11;9,00;4,04;16,13;0,37;0,22;-301,47;181,11;160,27;14,27;-16,77;-33,83;-0,87;25,85;0,51;-0,55;3,39;2,27;1,35;1,68;0,60;0,40;0,01;-1,53;-7,25;6.929,86;24,56;0,56;-0,89;792.512.657,80
BRGE12;6,07;;10,88;0,25;0,15;-301,47;181,11;160,27;9,63;-16,77;-33,83;-0,87;17,43;0,35;-0,37;3,39;2,27;1,35;1,68;0,60;0,40;0,01;-1,53;-7,25;5.465,08;24,56;0,56;-0,60;792.512.657,80
BRGE3;8,49;;15,21;0,35;0,21;-301,47;181,11;160,27;13,46;-16,77;-33,83;-0,87;24,38;0,48;-0,52;3,39;2,27;1,35;1,68;0,60;0,40;0,01;-1,53;-7,25;9.733,73;24,56;0,56;-0,84;792.512.657,80
BRGE5;10,15;2,99;18,19;0,41;0,25;-301,47;181,11;160,27;16,09;-16,77;-33,83;-0,87;29,15;0,58;-0,62;3,39;2,27;1,35;1,68;0,60;0,40;0,01;-1,53;-7,25;1.915,45;24,56;0,56;-1,01;792.512.657,80
BRGE6;13,52;5,38;24,23;0,55;0,33;-301,47;181,11;160,27;21,44;-16,77;-33,83;-0,87;38,83;0,77;-0,83;3,39;2,27;1,35;1,68;0,60;0,40;0,01;-1,53;-7,25;2.379,67;24,56;0,56;-1,34;792.512.657,80
BRGE7;5,40;7,86;9,68;0,22;0,13;-301,47;181,11;160,27;8,56;-16,77;-33,83;-0,87;15,51;0,31;-0,33;3,39;2,27;1,35;1,68;0,60;0,40;0,01;-1,53;-7,25;;24,56;0,56;-0,54;792.512.657,80
BRGE8;8,80;3,44;15,77;0,36;0,21;-301,47;181,11;160,27;13,95;-16,77;-33,83;-0,87;25,27;0,50;-0,54;3,39;2,27;1,35;1,68;0,60;0,40;0,01;-1,53;-7,25;4.193,40;24,56;0,56;-0,87;792.512.657,80
BRIV3;10,51;0,05;12,42;0,60;0,06;12,85;13,75;10,14;9,16;8,41;;;1,26;0,40;-0,07;99,82;4,81;0,46;;0,09;0,91;0,04;-14,49;-2,44;24.337,18;17,61;0,85;1,41;854.985.090,49
BRIV4;8,34;6,94;9,86;0,47;0,04;12,85;13,75;10,14;7,27;8,41;;;1,00;0,32;-0,05;99,82;4,81;0,46;;0,09;0,91;0,04;-14,49;-2,44;22.190,96;17,61;0,85;1,12;854.985.090,49
BRKM3;51,00;;-74,13;94,51;0,43;25,18;9,17;-0,80;6,46;10,61;4,10;59,89;0,59;6,49;-0,75;1,19;-127,49;-0,58;15,45;0,00;1,02;0,73;4,54;;1.825.272,77;0,54;-0,69;0,80;40.951.863.670,70
BRKM5;51,94;;-75,49;96,25;0,44;25,18;9,17;-0,80;6,58;10,61;4,10;59,89;0,60;6,61;-0,76;1,19;-127,49;-0,58;15,45;0,00;1,02;0,73;4,54;;210.288.536,70;0,54;-0,69;0,81;40.951.863.670,70
BRKM6;28,50;;-41,42;52,81;0,24;25,18;9,17;-0,80;3,61;10,61;4,10;59,89;0,33;3,63;-0,42;1,19;-127,49;-0,58;15,45;0,00;1,02;0,73;4,54;;24.612,57;0,54;-0,69;0,45;40.951.863.670,70
BRML3;10,64;;-31,61;0,83;0,48;87,67;-29,88;-32,11;-33,97;-42,90;-8,93;0,22;10,15;6,69;-0,54;4,01;-2,61;-1,53;-2,77;0,59;0,41;0,05;-7,67;;164.938.235,40;12,88;-0,34;0,26;9.298.955.196,45
BRPR3;8,90;2,21;21,31;0,60;0,40;100,00;108,20;64,18;12,64;17,88;5,25;0,25;13,67;7,29;-0,44;2,44;2,82;1,86;2,54;0,66;0,34;0,03;-15,19;;13.341.263,43;14,82;0,42;-0,36;4.374.441.518,70
BRQB3;0,00;;0,00;0,00;0,00;32,79;13,39;8,23;0,00;-0,85;-0,85;-0,56;0,00;0,00;0,00;2,06;40,38;15,32;26,03;0,38;0,62;1,86;3,80;47,08;;0,79;0,32;0,00;0,00
BRSR3;13,79;5,03;7,75;0,68;0,06;63,68;11,43;8,84;6,00;5,75;;;0,69;1,41;-0,07;2,34;8,72;0,79;;0,09;0,91;0,09;-5,25;-6,77;150.078,63;20,40;1,78;-0,18;5.407.301.052,79
BRSR5;17,56;5,36;9,87;0,86;0,08;63,68;11,43;8,84;7,64;5,75;;;0,87;1,80;-0,08;2,34;8,72;0,79;;0,09;0,91;0,09;-5,25;-6,77;32.333,26;20,40;1,78;-0,23;5.407.301.052,79
BRSR6;12,65;5,48;7,11;0,62;0,06;63,68;11,43;8,84;5,50;5,75;;;0,63;1,29;-0,06;2,34;8,72;0,79;;0,09;0,91;0,09;-5,25;-6,77;26.623.663,97;20,40;1,78;-0,17;5.407.301.052,79
BSEV3;9,00;;-14,65;-9,07;0,68;20,68;14,14;-6,03;6,24;10,39;4,14;;0,88;-1,42;-1,16;0,46;-61,90;-4,66;22,54;-0,08;1,07;0,77;7,69;;1.546.800,90;-0,99;-0,61;0,76;9.183.864.834,00
BSLI3;36,00;6,86;29,07;19,28;0,53;75,23;26,67;18,74;20,43;19,51;;;5,45;-2,60;-0,65;0,49;66,32;1,81;;0,03;0,97;0,10;4,45;28,11;152.474,21;1,87;1,24;3,74;12.486.058.000,00
BSLI4;28,96;9,38;23,38;15,51;0,42;75,23;26,67;18,74;16,43;19,51;;;4,38;-2,09;-0,52;0,49;66,32;1,81;;0,03;0,97;0,10;4,45;28,11;85.293,21;1,87;1,24;3,01;12.486.058.000,00
BTOW3;59,02;;-124,08;3,58;1,68;28,59;1,12;-2,34;259,28;241,36;-17,92;-0,25;2,91;4,56;-4,65;2,38;-2,89;-1,36;0,60;0,47;0,53;0,58;2,35;;268.647.634,10;16,48;-0,48;17,32;33.224.287.401,84
BTTL3;12,42;;11,61;7,10;1,19;18,69;6,52;3,50;6,23;7,30;1,07;1,22;0,41;18,95;-2,09;1,17;61,18;10,24;35,04;0,17;0,83;2,92;5,92;-24,36;141.884,67;1,75;1,07;0,18;184.568.254,56
BTTL4;11.091,73;;10.368,59;6.343,50;1.062,25;18,69;6,52;3,50;5.567,43;7,30;1,07;1,22;363,21;16.921,20;-1.868,37;1,17;61,18;10,24;35,04;0,17;0,83;2,92;5,92;-24,36;;1,75;1,07;160,97;184.568.254,56
CALI3;98,18;;18,80;11,06;0,29;18,39;12,73;6,47;9,55;12,74;6,31;7,31;1,22;0,97;-0,58;2,56;58,84;1,56;8,37;0,03;0,97;0,24;-7,97;-33,18;;8,87;5,22;-0,17;24.582.197,20
CALI4;50,00;;9,58;5,63;0,15;18,39;12,73;6,47;4,86;12,74;6,31;7,31;0,62;0,49;-0,30;2,56;58,84;1,56;8,37;0,03;0,97;0,24;-7,97;-33,18;9.554,00;8,87;5,22;-0,09;24.582.197,20
CAMB3;5,20;;14,38;2,22;0,80;44,54;7,73;10,53;19,61;25,06;5,45;0,62;1,52;-31,58;-1,23;0,93;15,47;5,54;1,58;0,36;0,64;0,53;-11,36;;710.583,33;2,34;0,36;-0,40;219.778.416,00
CAMB4;6,25;;17,29;2,67;0,96;44,54;7,73;10,53;23,57;25,06;5,45;0,62;1,82;-37,95;-1,48;0,93;15,47;5,54;1,58;0,36;0,64;0,53;-11,36;;;2,34;0,36;-0,48;219.778.416,00
CAML3;9,41;6,35;7,53;1,29;0,56;22,25;8,33;6,20;5,60;7,61;2,01;0,46;0,47;1,58;-1,47;2,38;17,08;7,50;10,80;0,44;0,56;1,21;12,04;33,10;16.156.683,13;7,32;1,25;0,15;3.481.700.000,00
CARD3;24,00;1,93;19,96;3,32;1,86;30,59;16,35;10,78;13,16;13,89;0,73;0,18;2,15;59,32;-2,60;1,12;16,63;9,32;13,18;0,56;0,44;0,86;-0,29;19,73;11.389.517,43;7,23;1,20;0,34;1.003.200.000,00
CASH3;35,99;0,10;231,80;12,73;12,06;22,71;22,71;15,66;159,76;148,14;-11,62;-0,93;36,29;13,56;-202,03;18,49;5,49;5,20;5,56;0,95;0,05;0,33;;;106.794.609,73;2,83;0,16;;4.550.323.670,00
CASN3;14,30;0,29;101,69;8,64;3,04;50,85;24,24;9,84;41,27;37,54;4,83;1,01;10,00;-155,14;-3,50;0,87;8,50;2,99;7,85;0,35;0,65;0,30;7,49;59,39;1.520,00;1,66;0,14;-16,95;9.067.999.874,79
CASN4;8,37;0,54;59,52;5,06;1,78;50,85;24,24;9,84;24,15;37,54;4,83;1,01;5,85;-90,80;-2,05;0,87;8,50;2,99;7,85;0,35;0,65;0,30;7,49;59,39;;1,66;0,14;-9,92;9.067.999.874,79
CATA3;103,61;;-2,13;0,12;0,06;17,94;-6,16;-5,09;-1,76;-4,90;-3,15;0,21;0,11;0,25;-0,12;2,22;-5,43;-3,00;-5,07;0,55;0,45;0,59;-4,76;;;897,16;-48,70;0,01;14.940.354,78
CATA4;0,00;;0,00;0,00;0,00;17,94;-6,16;-5,09;0,00;-4,90;-3,15;0,21;0,00;0,00;0,00;2,22;-5,43;-3,00;-5,07;0,55;0,45;0,59;-4,76;;;897,16;-48,70;0,00;14.940.354,78
CBEE3;23,45;;53,85;1,08;0,33;12,42;3,90;1,12;15,52;32,42;16,90;1,18;0,60;-5,30;-0,45;0,81;2,01;0,61;2,59;0,30;0,70;0,55;3,81;;216.496,19;21,62;0,44;-0,72;3.907.574.944,70
CCPR3;13,20;7,30;39,77;0,69;0,41;63,04;50,22;10,42;8,25;12,65;4,40;0,37;4,14;6,18;-0,46;2,57;1,72;1,03;4,79;0,60;0,40;0,10;4,82;19,63;5.883.300,53;19,26;0,33;0,73;2.014.906.674,00
CCRO3;13,32;2,06;140,85;3,39;0,80;34,64;20,58;1,93;13,22;19,95;6,73;1,73;2,72;53,40;-1,06;1,07;2,41;0,57;5,17;0,24;0,76;0,30;3,13;-35,76;165.844.512,90;3,93;0,09;-1,62;27.027.600.000,00
CCXC3;1,16;;0,33;-0,03;0,20;;;;-0,88;-0,87;0,01;;;-0,03;;0,13;-9,19;61,31;3,45;-6,67;7,68;0,00;;;;-38,15;3,51;0,00;1.973.425,64
CEAB3;12,85;;-23,81;1,49;0,54;46,42;-4,02;-4,07;-24,12;-22,30;1,81;-0,11;0,97;3,12;-1,05;1,56;-6,27;-2,28;-6,56;0,36;0,64;0,56;;;33.160.000,77;8,61;-0,54;0,00;3.960.949.123,80
CEBR3;193,00;19,98;6,43;3,09;0,73;48,92;51,47;169,54;21,19;21,56;-0,32;-0,05;10,90;5,88;-5,40;1,17;48,02;11,28;10,73;0,23;0,77;0,07;-36,10;56,67;804.109,93;62,49;30,01;0,02;2.873.704.668,15
CEBR5;204,00;20,01;6,80;3,26;0,77;48,92;51,47;169,54;22,39;21,56;-0,32;-0,05;11,53;6,21;-5,70;1,17;48,02;11,28;10,73;0,23;0,77;0,07;-36,10;56,67;94.765,76;62,49;30,01;0,03;2.873.704.668,15
CEBR6;205,63;20,63;6,85;3,29;0,77;48,92;51,47;169,54;22,57;21,56;-0,32;-0,05;11,62;6,26;-5,75;1,17;48,02;11,28;10,73;0,23;0,77;0,07;-36,10;56,67;366.751,93;62,49;30,01;0,03;2.873.704.668,15
CEDO3;10,00;;-2,41;0,67;0,15;16,76;0,18;-6,71;87,80;243,44;170,12;1,30;0,16;-8,13;-0,25;0,96;-27,87;-6,02;0,15;0,22;0,78;0,90;9,31;;45.756,21;14,89;-4,15;-0,02;83.515.279,36
CEDO4;6,16;;-1,48;0,41;0,09;16,76;0,18;-6,71;54,08;243,44;170,12;1,30;0,10;-5,01;-0,16;0,96;-27,87;-6,02;0,15;0,22;0,78;0,90;9,31;;323.539,90;14,89;-4,15;-0,01;83.515.279,36
CEEB3;39,90;2,65;8,16;1,63;0,47;22,41;16,01;10,78;5,50;11,05;4,36;1,29;0,88;7,72;-0,60;1,41;19,96;5,82;10,55;0,29;0,71;0,54;10,93;29,39;111.847,20;24,51;4,89;0,37;12.745.480.244,14
CEEB5;41,50;2,55;8,48;1,69;0,49;22,41;16,01;10,78;5,72;11,05;4,36;1,29;0,91;8,03;-0,63;1,41;19,96;5,82;10,55;0,29;0,71;0,54;10,93;29,39;8.850,00;24,51;4,89;0,39;12.745.480.244,14
CEEB6;60,68;1,92;12,40;2,48;0,72;22,41;16,01;10,78;8,36;11,05;4,36;1,29;1,34;11,74;-0,91;1,41;19,96;5,82;10,55;0,29;0,71;0,54;10,93;29,39;;24,51;4,89;0,57;12.745.480.244,14
CEED3;54,00;;-0,32;-0,09;0,13;-1,71;-19,46;-46,18;-0,76;-2,12;-1,36;;0,15;-0,49;-0,18;0,51;-28,26;-40,42;14,65;-1,43;2,43;0,88;-0,25;;50.163,06;-593,23;-167,64;-0,01;522.596.270,00
CEED4;53,00;;-0,32;-0,09;0,13;-1,71;-19,46;-46,18;-0,75;-2,12;-1,36;;0,15;-0,48;-0,18;0,51;-28,26;-40,42;14,65;-1,43;2,43;0,88;-0,25;;11.064,44;-593,23;-167,64;-0,01;522.596.270,00
CEGR3;60,10;2,26;44,32;13,07;4,57;32,84;19,21;11,05;25,51;26,93;1,42;0,73;4,90;-74,61;-6,01;0,80;29,48;10,32;18,65;0,35;0,65;0,93;-3,10;4,36;31.096,00;4,60;1,36;-7,93;15.604.227.693,20
CEPE3;125,67;2,77;33,70;5,23;0,84;16,03;8,41;3,88;15,57;22,51;8,28;2,78;1,31;16,74;-1,08;1,29;15,52;2,48;7,23;0,16;0,84;0,64;8,76;62,59;92.909,67;24,02;3,73;0,64;8.564.930.889,31
CEPE5;28,00;12,44;7,51;1,17;0,19;16,03;8,41;3,88;3,47;22,51;8,28;2,78;0,29;3,73;-0,24;1,29;15,52;2,48;7,23;0,16;0,84;0,64;8,76;62,59;61.837,52;24,02;3,73;0,14;8.564.930.889,31
CEPE6;24,89;15,40;6,68;1,04;0,17;16,03;8,41;3,88;3,08;22,51;8,28;2,78;0,26;3,32;-0,21;1,29;15,52;2,48;7,23;0,16;0,84;0,64;8,76;62,59;19.875,46;24,02;3,73;0,13;8.564.930.889,31
CESP3;28,65;9,06;5,24;1,33;0,65;34,03;47,26;88,93;9,86;10,06;1,03;0,14;4,66;1.165,29;-0,71;1,01;25,40;12,31;-5,64;0,48;0,52;0,14;-8,26;;377.248,40;21,53;5,47;0,17;8.603.496.088,41
CESP5;33,68;7,71;6,16;1,56;0,76;34,03;47,26;88,93;11,59;10,06;1,03;0,14;5,48;1.369,88;-0,83;1,01;25,40;12,31;-5,64;0,48;0,52;0,14;-8,26;;54.409,95;21,53;5,47;0,20;8.603.496.088,41
CESP6;25,00;10,39;4,57;1,16;0,56;34,03;47,26;88,93;8,60;10,06;1,03;0,14;4,07;1.016,84;-0,62;1,01;25,40;12,31;-5,64;0,48;0,52;0,14;-8,26;;58.873.913,37;21,53;5,47;0,15;8.603.496.088,41
CGAS3;140,02;6,07;16,13;31,45;1,75;33,80;24,09;13,83;9,26;11,97;2,71;9,21;2,23;30,14;-2,90;1,17;195,00;10,84;18,79;0,06;0,94;0,78;4,74;10,49;33.287,00;4,45;8,68;-1,02;18.555.532.591,74
CGAS5;158,00;5,91;18,20;35,49;1,97;33,80;24,09;13,83;10,45;11,97;2,71;9,21;2,52;34,01;-3,28;1,17;195,00;10,84;18,79;0,06;0,94;0,78;4,74;10,49;294.183,13;4,45;8,68;-1,15;18.555.532.591,74
CGRA3;32,38;3,93;8,92;1,00;0,71;53,59;16,87;15,78;8,34;5,91;-2,39;-0,29;1,41;2,43;-1,39;2,43;11,23;7,92;9,07;0,71;0,29;0,50;3,76;8,78;37.026,66;32,34;3,63;-0,20;629.965.868,48
CGRA4;32,10;3,97;8,84;0,99;0,70;53,59;16,87;15,78;8,27;5,91;-2,39;-0,29;1,40;2,41;-1,38;2,43;11,23;7,92;9,07;0,71;0,29;0,50;3,76;8,78;513.777,10;32,34;3,63;-0,20;629.965.868,48
CIEL3;3,61;2,58;-23,69;1,03;0,12;27,35;-0,58;-3,72;-150,58;-150,96;-0,39;0,00;0,88;1,21;-0,83;1,13;-4,35;-0,51;-2,34;0,12;0,88;0,14;0,11;;89.880.671,07;3,50;-0,15;0,18;9.834.870.520,82
CLSC3;72,00;2,63;4,84;1,27;0,26;13,42;8,09;6,19;3,70;4,89;1,31;0,45;0,30;4,39;-0,42;1,19;26,28;5,45;12,25;0,21;0,79;0,88;4,67;31,75;72.034,91;56,62;14,88;0,08;2.685.207.180,54
CLSC4;68,01;3,06;4,57;1,20;0,25;13,42;8,09;6,19;3,50;4,89;1,31;0,45;0,28;4,14;-0,40;1,19;26,28;5,45;12,25;0,21;0,79;0,88;4,67;31,75;430.380,27;56,62;14,88;0,07;2.685.207.180,54
CMIG3;14,57;8,41;8,61;1,41;0,46;21,34;18,66;11,35;5,24;6,79;2,12;0,57;0,98;4,28;-0,64;1,60;16,39;5,30;11,60;0,32;0,68;0,47;2,90;3,02;10.731.877,10;10,32;1,69;-1,02;21.977.977.543,50
CMIG4;12,18;10,07;7,20;1,18;0,38;21,34;18,66;11,35;4,38;6,79;2,12;0,57;0,82;3,58;-0,53;1,60;16,39;5,30;11,60;0,32;0,68;0,47;2,90;3,02;122.629.921,50;10,32;1,69;-0,86;21.977.977.543,50
CMIN3;9,54;0,54;8,90;4,03;2,45;62,62;51,90;34,03;5,84;5,43;-0,41;-0,28;3,03;12,36;-4,07;1,98;45,24;27,48;44,14;0,61;0,39;0,81;;;127.447.742,27;2,37;1,07;0,11;53.340.488.156,52
CMSA3;0,00;;0,00;0,00;0,00;;;;0,00;0,14;0,14;-0,77;;0,00;0,00;21,06;-531,63;-512,78;-539,83;0,96;0,04;0,00;;;;0,00;0,00;0,00;0,00
CMSA4;0,00;;0,00;0,00;0,00;;;;0,00;0,14;0,14;-0,77;;0,00;0,00;21,06;-531,63;-512,78;-539,83;0,96;0,04;0,00;;;;0,00;0,00;0,00;0,00
CNSY3;30,22;;-20,97;-893,87;5,06;-52,25;-85,23;-108,51;-26,70;-30,07;-3,37;;22,76;-29,15;-5,60;0,35;-4.262,46;-24,15;-29,25;-0,01;1,01;0,22;-13,15;;;-0,03;-1,44;0,01;935.885.083,86
COCE3;70,84;;20,47;1,67;0,56;11,35;6,40;4,49;14,35;17,30;6,95;0,81;0,92;23,04;-0,78;1,09;8,15;2,73;4,16;0,34;0,66;0,61;7,29;-6,09;15.942,71;42,48;3,46;-0,47;3.976.156.386,62
COCE5;56,70;;16,38;1,33;0,45;11,35;6,40;4,49;11,49;17,30;6,95;0,81;0,74;18,44;-0,63;1,09;8,15;2,73;4,16;0,34;0,66;0,61;7,29;-6,09;936.076,57;42,48;3,46;-0,37;3.976.156.386,62
COCE6;19,17;;5,54;0,45;0,15;11,35;6,40;4,49;3,88;17,30;6,95;0,81;0,25;6,23;-0,21;1,09;8,15;2,73;4,16;0,34;0,66;0,61;7,29;-6,09;;42,48;3,46;-0,13;3.976.156.386,62
COGN3;3,97;;-1,28;0,52;0,24;63,05;-61,43;-110,19;-2,30;-4,18;-1,88;0,43;1,41;1,86;-0,35;1,76;-40,64;-18,86;-14,04;0,46;0,54;0,17;0,02;;167.421.636,90;7,61;-3,09;0,00;7.468.892.715,80
CORR3;2,71;;0,01;0,06;0,00;77,73;30,07;26,29;0,01;-2,46;-2,68;-14,13;0,00;0,00;-0,02;15,08;460,80;22,31;451,11;0,05;0,95;0,85;44,77;;;48,59;223,90;0,00;1.278.894,65
CORR4;82,00;;0,37;1,69;0,08;77,73;30,07;26,29;0,32;-2,46;-2,68;-14,13;0,10;0,11;-0,49;15,08;460,80;22,31;451,11;0,05;0,95;0,85;44,77;;;48,59;223,90;0,00;1.278.894,65
CPFE3;28,20;11,71;8,92;2,28;0,66;22,40;16,55;11,79;6,35;8,91;2,56;0,92;1,05;-54,69;-0,92;0,96;25,59;7,42;12,15;0,29;0,71;0,63;8,45;33,47;68.369.277,60;12,35;3,16;0,26;32.689.458.462,80
CPLE11;28,84;1,35;3,78;0,82;0,33;27,70;22,77;21,46;3,56;5,08;1,51;0,35;0,81;12,84;-0,44;1,12;21,72;8,85;10,77;0,41;0,59;0,41;4,51;25,31;32.890.955,00;35,15;7,63;0,06;15.784.442.030,00
CPLE3;5,37;15,52;3,52;0,76;0,31;27,70;22,77;21,46;3,32;5,08;1,51;0,35;0,76;11,95;-0,41;1,12;21,72;8,85;10,77;0,41;0,59;0,41;4,51;25,31;12.254.203,53;7,03;1,53;0,05;15.784.442.030,00
CPLE5;134,06;0,91;87,81;19,07;7,77;27,70;22,77;21,46;82,78;5,08;1,51;0,35;18,85;298,39;-10,26;1,12;21,72;8,85;10,77;0,41;0,59;0,41;4,51;25,31;;7,03;1,53;1,31;15.784.442.030,00
CPLE6;5,84;15,77;3,83;0,83;0,34;27,70;22,77;21,46;3,61;5,08;1,51;0,35;0,82;13,00;-0,45;1,12;21,72;8,85;10,77;0,41;0,59;0,41;4,51;25,31;77.642.638,43;7,03;1,53;0,06;15.784.442.030,00
CPRE3;18,23;;13,66;1,81;0,88;53,20;39,33;36,04;12,52;14,20;1,68;0,24;4,92;-5,47;-1,00;0,42;13,27;6,46;7,73;0,49;0,51;0,18;7,96;;5.456,00;10,05;1,33;0,02;10.824.655.047,92
CRDE3;25,73;;-4,03;0,58;0,51;-26,75;-721,03;-762,69;-4,27;-3,07;1,20;-0,16;30,76;3,60;-0,66;2,89;-14,41;-12,76;-15,48;0,89;0,11;0,02;-41,45;;18.670,96;44,27;-6,38;-0,06;62.321.996,69
CREM3;14,50;;32,70;2,45;0,67;30,30;7,39;2,10;9,28;13,11;3,84;1,01;0,69;4,89;-1,69;1,29;7,50;2,05;9,29;0,27;0,73;0,98;1,09;;;5,91;0,44;22,14;465.122.474,00
CRFB3;20,54;1,21;12,62;2,39;0,79;19,20;6,80;4,42;8,20;8,22;0,02;0,01;0,56;58,84;-1,54;1,03;18,96;6,23;17,18;0,33;0,67;1,41;11,38;23,62;82.586.867,03;8,59;1,63;0,05;40.796.525.511,75
CRIV3;5,44;;10,29;0,56;0,06;68,16;12,20;8,81;7,43;7,94;;;0,91;0,68;-0,07;2,55;5,41;0,58;;0,11;0,89;0,07;-7,18;6,86;24.797,38;9,77;0,53;-0,42;598.024.911,46
CRIV4;6,30;6,90;11,92;0,65;0,07;68,16;12,20;8,81;8,61;7,94;;;1,05;0,79;-0,08;2,55;5,41;0,58;;0,11;0,89;0,07;-7,18;6,86;21.913,36;9,77;0,53;-0,49;598.024.911,46
CRPG3;62,03;1,42;9,76;2,47;1,69;36,04;18,15;25,21;13,56;11,65;-2,96;-0,54;2,46;2,67;-7,79;5,27;25,34;17,34;10,61;0,68;0,32;0,69;15,93;;16.774,71;25,08;6,36;0,14;1.940.919.683,44
CRPG5;69,50;1,27;10,94;2,77;1,90;36,04;18,15;25,21;15,19;11,65;-2,96;-0,54;2,76;2,99;-8,73;5,27;25,34;17,34;10,61;0,68;0,32;0,69;15,93;;973.095,40;25,08;6,36;0,16;1.940.919.683,44
CRPG6;67,96;1,30;10,69;2,71;1,85;36,04;18,15;25,21;14,85;11,65;-2,96;-0,54;2,70;2,92;-8,53;5,27;25,34;17,34;10,61;0,68;0,32;0,69;15,93;;237.432,76;25,08;6,36;0,16;1.940.919.683,44
CSAB3;65,80;;9,90;2,54;1,26;169,17;1.391,38;1.507,38;10,73;9,27;;;149,25;12,40;-1,54;2,24;25,66;12,70;;0,49;0,51;0,01;-41,88;2,02;16.651,63;25,90;6,65;0,05;436.953.600,00
CSAB4;47,99;;7,22;1,85;0,92;169,17;1.391,38;1.507,38;7,82;9,27;;;108,85;9,04;-1,12;2,24;25,66;12,70;;0,49;0,51;0,01;-41,88;2,02;25.830,67;25,90;6,65;0,04;436.953.600,00
CSAN3;22,35;2,83;49,17;3,64;1,17;27,34;17,98;6,31;17,24;21,73;4,48;0,95;3,10;8,34;-1,72;1,78;7,40;2,38;8,04;0,32;0,68;0,38;10,10;0,61;185.909.169,23;6,14;0,45;-0,76;42.072.892.423,40
CSED3;13,40;;-147,05;11,32;1,39;47,92;9,77;-1,93;29,09;35,68;6,59;2,56;2,84;-56,85;-1,59;0,83;-7,70;-0,95;9,18;0,12;0,88;0,49;;;4.355.159,87;1,18;-0,09;1,14;5.116.418.016,00
CSMG3;17,60;15,99;7,64;1,01;0,56;44,84;24,20;16,09;5,08;7,12;2,03;0,41;1,23;15,39;-0,69;1,25;13,24;7,38;9,83;0,56;0,44;0,46;6,86;;42.026.975,80;17,39;2,30;0,38;6.692.454.014,40
CSNA3;47,16;1,38;6,29;4,55;0,94;41,91;34,92;28,37;5,11;6,36;1,25;1,11;1,79;4,95;-1,64;1,80;72,25;14,92;21,59;0,21;0,75;0,53;14,52;;588.438.688,87;10,37;7,49;0,00;65.241.380.689,94
CSRN3;15,80;10,75;7,13;1,85;0,55;22,69;17,01;12,81;5,36;8,49;3,14;1,09;0,91;4,90;-0,72;1,90;26,01;7,69;12,44;0,30;0,70;0,60;9,71;12,94;48.031,62;8,53;2,22;0,29;2.647.904.080,60
CSRN5;15,70;11,90;7,08;1,84;0,54;22,69;17,01;12,81;5,33;8,49;3,14;1,09;0,91;4,87;-0,71;1,90;26,01;7,69;12,44;0,30;0,70;0,60;9,71;12,94;9.289,96;8,53;2,22;0,29;2.647.904.080,60
CSRN6;15,60;11,98;7,04;1,83;0,54;22,69;17,01;12,81;5,30;8,49;3,14;1,09;0,90;4,84;-0,71;1,90;26,01;7,69;12,44;0,30;0,70;0,60;9,71;12,94;21.158,60;8,53;2,22;0,28;2.647.904.080,60
CTCA3;0,00;;0,00;0,00;0,00;65,58;28,66;19,87;0,00;-1,35;-1,35;-0,20;0,00;0,00;0,00;2,86;10,41;7,84;7,86;0,75;0,25;0,39;26,66;30,12;;1,86;0,19;0,00;0,00
CTKA3;31,30;;2,41;-1,01;0,38;40,29;22,07;21,18;2,31;7,90;5,81;;0,51;1,49;-0,95;1,75;-42,05;15,83;17,69;-0,38;1,38;0,75;7,67;;36.723,70;-30,85;12,97;0,00;175.430.851,35
CTKA4;25,65;;1,98;-0,83;0,31;40,29;22,07;21,18;1,90;7,90;5,81;;0,42;1,22;-0,78;1,75;-42,05;15,83;17,69;-0,38;1,38;0,75;7,67;;150.859,07;-30,85;12,97;0,00;175.430.851,35
CTNM3;11,60;;-1,70;0,24;0,08;29,33;2,13;-10,60;8,46;38,22;31,93;0,90;0,18;2,03;-0,14;1,12;-14,06;-4,92;-1,25;0,35;0,65;0,46;-5,17;;10.002,20;48,66;-6,84;-0,01;264.071.733,98
CTNM4;6,14;;-0,90;0,13;0,04;29,33;2,13;-10,60;4,48;38,22;31,93;0,90;0,10;1,08;-0,07;1,12;-14,06;-4,92;-1,25;0,35;0,65;0,46;-5,17;;237.552,10;48,66;-6,84;0,00;264.071.733,98
CTSA3;2,57;1,18;-76,18;1,01;0,44;15,55;2,86;-0,79;21,13;39,62;18,49;0,88;0,60;82,38;-0,75;1,01;-1,33;-0,58;1,39;0,44;0,56;0,73;6,86;;143.622,53;2,55;-0,03;0,56;286.038.764,10
CTSA4;2,09;1,46;-61,95;0,82;0,36;15,55;2,86;-0,79;17,18;39,62;18,49;0,88;0,49;67,00;-0,61;1,01;-1,33;-0,58;1,39;0,44;0,56;0,73;6,86;;97.551,27;2,55;-0,03;0,46;286.038.764,10
CTSA8;0,00;;0,00;0,00;0,00;15,55;2,86;-0,79;0,00;39,62;18,49;0,88;0,00;0,00;0,00;1,01;-1,33;-0,58;1,39;0,44;0,56;0,73;6,86;;;2,55;-0,03;0,00;286.038.764,10
CURY3;10,17;3,87;18.458,63;4.620,84;1.804,80;37,42;19,66;14,05;13.191,46;13.190,78;-0,69;-0,24;2.593,18;3.955,32;-10.158,66;2,25;25,03;9,78;21,63;0,39;0,61;0,70;;;11.207.987,13;0,00;0,00;-184,74;2.968.369.644,96
CVCB3;24,64;;-4,14;85,97;0,97;82,80;-224,58;-191,51;-3,53;-3,93;-0,40;9,72;7,93;-53,21;-2,51;0,97;-2.075,39;-23,48;-109,51;0,01;0,99;0,12;-6,66;;154.618.395,63;0,29;-5,95;0,00;4.969.078.272,60
CXSE3;12,33;;;;;;;;;;;;;;;;;;;;;;;;111.825.950,58;;0,00;;36.990.000.000,00
CYRE3;23,79;12,21;5,40;1,64;0,83;32,70;57,66;46,04;4,31;4,70;0,39;0,15;2,49;2,41;-1,77;2,88;30,37;15,40;20,53;0,51;0,49;0,33;-2,51;25,27;121.993.551,57;14,50;4,40;0,02;9.489.894.048,26
DASA3;58,90;0,48;-214,02;9,13;2,42;24,94;2,37;-2,14;193,79;216,75;22,96;1,08;4,59;26,95;-3,53;1,40;-4,26;-1,13;1,07;0,27;0,73;0,53;20,30;;25.785.129,97;6,45;-0,28;0,97;32.275.031.773,20
DIRR3;13,35;6,07;15,39;1,62;0,39;34,88;15,49;8,02;7,97;8,52;0,56;0,11;1,23;0,92;-0,83;4,92;10,55;2,53;8,86;0,24;0,74;0,32;-0,89;-0,79;16.180.029,17;8,22;0,87;0,35;2.002.500.000,00
DMMO3;0,91;;-0,85;-0,37;0,97;-10,45;-53,90;-98,60;-1,56;-1,06;0,50;;0,84;-1,21;-1,74;0,36;-43,56;-113,37;23,96;-2,60;3,60;1,15;-10,63;;6.541.216,83;-2,45;-1,07;-0,01;280.233.275,14
DMVF3;9,03;;3.714,99;0,55;0,31;32,35;0,66;0,01;68,74;57,45;-11,29;-0,09;0,46;2,76;-0,47;1,52;0,01;0,01;-1,16;0,57;0,43;0,69;;;2.534.984,07;16,52;0,00;-2,13;456.943.663,26
DOHL3;26,50;1,63;23,86;3,06;2,31;29,08;13,26;16,10;28,96;21,96;-0,78;-0,08;3,84;5,30;-4,99;5,24;12,82;9,67;6,74;0,75;0,25;0,60;5,55;24,38;18.617,29;8,67;1,11;0,15;1.574.273.963,70
DOHL4;6,18;7,71;5,56;0,71;0,54;29,08;13,26;16,10;6,75;21,96;-0,78;-0,08;0,90;1,24;-1,16;5,24;12,82;9,67;6,74;0,75;0,25;0,60;5,55;24,38;186.066,53;8,67;1,11;0,03;1.574.273.963,70
DTCY3;9,83;;469,61;21,67;4,27;30,06;7,36;1,41;89,69;108,63;-0,55;-0,13;6,60;-21,29;-5,84;0,57;4,61;0,91;15,37;0,20;0,80;0,65;4,04;;119.840,66;0,45;0,02;-4,60;133.200.082,08
DTCY4;62,60;;2.990,60;137,98;27,20;30,06;7,36;1,41;571,15;108,63;-0,55;-0,13;42,03;-135,57;-37,17;0,57;4,61;0,91;15,37;0,20;0,80;0,65;4,04;;;0,45;0,02;-29,28;133.200.082,08
DTEX3;20,79;3,60;25,03;2,86;1,28;31,91;12,88;8,86;17,22;19,45;2,24;0,37;2,22;8,88;-1,99;1,69;11,44;5,12;8,44;0,45;0,55;0,58;8,21;18,81;48.738.191,03;7,26;0,83;0,77;14.444.460.380,88
EALT3;15,98;2,08;13,69;1,99;0,80;25,87;12,86;9,91;10,55;8,95;1,79;0,34;1,36;13,20;-1,41;1,16;14,57;5,86;8,87;0,40;0,60;0,59;11,42;190,50;45.829,20;8,01;1,17;0,21;244.162.500,00
EALT4;6,93;5,29;5,94;0,87;0,35;25,87;12,86;9,91;4,58;8,95;1,79;0,34;0,59;5,73;-0,61;1,16;14,57;5,86;8,87;0,40;0,60;0,59;11,42;190,50;537.255,37;8,01;1,17;0,09;244.162.500,00
ECOR3;12,03;;-15,85;119,63;0,61;41,08;21,64;-10,60;7,76;15,90;8,13;125,34;1,68;-8,74;-0,72;0,69;-754,68;-3,82;4,31;0,01;0,99;0,36;7,89;;56.777.449,43;0,10;-0,76;-0,12;6.704.388.960,00
ECPR3;77,00;;-2,64;0,93;0,52;;;;-3,16;-3,11;0,01;0,00;;349,18;-0,52;1,42;-35,04;-19,57;-29,55;0,56;0,44;0,00;;;7.733,00;83,14;-29,13;-0,01;144.522.337,24
ECPR4;74,96;;-2,57;0,90;0,50;;;;-3,07;-3,11;0,01;0,00;;339,93;-0,51;1,42;-35,04;-19,57;-29,55;0,56;0,44;0,00;;;10.030,67;83,14;-29,13;-0,01;144.522.337,24
EEEL3;520,00;2,75;18,01;1,97;0,90;55,28;42,80;21,01;8,84;8,81;-0,05;-0,01;3,79;4,22;-1,31;3,19;10,91;5,00;13,55;0,46;0,54;0,24;14,95;26,66;76.000,00;264,59;28,87;-0,63;5.034.986.874,81
EEEL4;592,63;4,33;20,53;2,24;1,03;55,28;42,80;21,01;10,08;8,81;-0,05;-0,01;4,31;4,82;-1,49;3,19;10,91;5,00;13,55;0,46;0,54;0,24;14,95;26,66;60.000,00;264,59;28,87;-0,71;5.034.986.874,81
EGIE3;40,16;6,15;11,64;4,05;0,91;45,00;46,31;21,79;5,48;7,84;2,35;1,73;2,54;10,17;-1,14;1,79;34,79;7,83;19,43;0,23;0,77;0,36;13,49;13,25;66.037.386,10;9,91;3,45;0,47;32.702.383.819,20
EKTR3;33,45;8,68;9,85;2,03;0,72;20,19;14,52;9,17;6,22;8,78;3,37;1,10;0,90;14,83;-1,02;1,19;20,66;7,27;10,88;0,35;0,65;0,79;4,01;9,79;8.495,33;16,45;3,40;0,40;5.640.751.497,00
EKTR4;25,20;12,68;7,42;1,53;0,54;20,19;14,52;9,17;4,68;8,78;3,37;1,10;0,68;11,17;-0,77;1,19;20,66;7,27;10,88;0,35;0,65;0,79;4,01;9,79;79.931,88;16,45;3,40;0,30;5.640.751.497,00
ELEK3;19,11;;24,46;2,66;1,07;11,39;2,82;2,53;21,94;38,76;5,75;0,70;0,62;3,75;-2,60;1,94;10,87;4,36;4,38;0,40;0,60;1,72;1,48;;11.501,50;7,19;0,78;-0,35;905.051.916,30
ELEK4;36,99;;47,34;5,15;2,07;11,39;2,82;2,53;42,48;38,76;5,75;0,70;1,20;7,26;-5,02;1,94;10,87;4,36;4,38;0,40;0,60;1,72;1,48;;52.244,08;7,19;0,78;-0,68;905.051.916,30
ELET3;39,81;10,06;9,85;0,85;0,35;72,63;29,66;21,80;7,24;10,74;3,50;0,41;2,15;3,32;-0,47;1,71;8,59;3,54;6,62;0,41;0,59;0,16;-2,25;;217.840.451,57;47,01;4,04;-0,24;62.449.051.984,28
ELET5;67,20;8,05;16,63;1,43;0,59;72,63;29,66;21,80;12,23;10,74;3,50;0,41;3,63;5,61;-0,79;1,71;8,59;3,54;6,62;0,41;0,59;0,16;-2,25;;66.339,44;47,01;4,04;-0,41;62.449.051.984,28
ELET6;39,77;11,08;9,84;0,85;0,35;72,63;29,66;21,80;7,24;10,74;3,50;0,41;2,15;3,32;-0,47;1,71;8,59;3,54;6,62;0,41;0,59;0,16;-2,25;;94.437.508,30;47,01;4,04;-0,24;62.449.051.984,28
ELMD3;18,97;;-38,43;28,50;2,58;33,12;-23,64;-25,40;-41,29;-50,48;-9,18;6,34;9,76;-35,16;-3,17;0,72;-74,15;-6,71;-11,47;0,09;0,91;0,26;;;4.065.873,80;0,67;-0,49;0,06;2.619.251.221,86
ELPL3;8,41;;1,69;0,63;0,06;13,07;13,07;6,33;0,82;3,00;2,18;1,66;0,11;-10,50;-0,07;0,98;36,92;3,33;20,16;0,09;0,91;0,53;2,54;57,52;;13,45;4,97;0,06;1.660.696.309,42
EMAE3;25,35;30,82;3,97;1,22;0,62;47,88;36,45;51,17;5,58;12,35;-1,52;-0,33;2,03;2,77;-0,93;3,18;30,79;15,70;10,52;0,51;0,49;0,31;17,64;27,12;;20,72;6,38;0,02;2.330.051.961,50
EMAE4;88,00;9,77;13,79;4,25;2,17;47,88;36,45;51,17;19,36;12,35;-1,52;-0,33;7,06;9,60;-3,23;3,18;30,79;15,70;10,52;0,51;0,49;0,31;17,64;27,12;518.359,37;20,72;6,38;0,07;2.330.051.961,50
EMBR3;15,94;;-4,17;0,77;0,20;10,70;-8,38;-12,63;-6,29;-12,22;-5,93;0,73;0,53;0,59;-0,47;2,45;-18,48;-4,82;-6,10;0,26;0,73;0,38;-0,66;;176.521.320,97;20,67;-3,82;-0,26;11.817.822.102,24
ENAT3;14,80;1,31;34,52;1,43;0,90;33,41;35,15;12,05;11,84;9,04;-2,80;-0,34;4,16;2,89;-1,60;3,56;4,14;2,62;9,00;0,63;0,37;0,22;13,76;5,78;31.000.066,47;10,37;0,43;-0,73;3.933.942.194,00
ENBR3;18,45;5,42;7,42;0,99;0,37;24,10;18,78;10,06;3,98;6,16;2,18;0,55;0,75;-18,98;-0,49;0,93;13,40;4,98;10,67;0,37;0,63;0,49;7,87;4,03;67.930.236,20;18,55;2,49;0,58;11.214.595.281,12
ENEV3;16,41;;20,61;2,62;1,28;46,19;34,43;31,07;18,59;23,20;4,61;0,65;6,40;11,14;-1,56;2,75;12,71;6,21;6,19;0,49;0,51;0,20;16,39;48,99;120.265.032,30;6,27;0,80;0,30;20.864.040.174,96
ENGI11;45,06;3,06;11,13;2,18;0,36;17,99;13,29;7,23;6,05;11,30;5,25;1,89;0,80;13,71;-0,51;1,10;19,55;3,22;7,85;0,16;0,84;0,45;10,79;35,54;71.146.887,20;20,71;4,05;0,05;16.421.785.285,50
ENGI3;16,50;1,67;20,38;3,98;0,66;17,99;13,29;7,23;11,08;11,30;5,25;1,89;1,47;25,10;-0,94;1,10;19,55;3,22;7,85;0,16;0,84;0,45;10,79;35,54;304.924,83;4,14;0,81;0,09;16.421.785.285,50
ENGI4;7,11;3,88;8,78;1,72;0,28;17,99;13,29;7,23;4,77;11,30;5,25;1,89;0,63;10,82;-0,40;1,10;19,55;3,22;7,85;0,16;0,84;0,45;10,79;35,54;401.745,40;4,14;0,81;0,04;16.421.785.285,50
ENJU3;11,84;;-74,36;4,66;4,37;35,41;-39,09;-39,10;-74,37;-56,51;16,16;-1,01;29,07;4,84;-103,26;17,86;-6,26;-5,88;-6,26;0,94;0,06;0,15;;;23.953.911,13;2,54;-0,16;-1,92;2.314.345.642,88
ENMA3B;50,49;3,21;11,84;2,77;1,05;32,69;21,80;17,05;9,26;;0,92;0,28;2,02;7,94;-1,80;1,47;23,36;8,87;13,63;0,38;0,62;0,52;8,44;15,47;;18,26;4,27;1,44;
ENMA6B;83,99;3,14;19,69;4,60;1,75;32,69;21,80;17,05;15,40;;0,92;0,28;3,36;13,21;-2,99;1,47;23,36;8,87;13,63;0,38;0,62;0,52;8,44;15,47;;18,26;4,27;2,40;
ENMT3;52,95;;17,10;4,17;1,22;22,44;18,28;13,30;12,45;15,32;2,82;0,94;2,28;10,26;-1,99;1,45;24,38;7,16;10,86;0,29;0,71;0,54;7,41;71,84;87.897,04;12,70;3,10;1,21;11.643.169.927,80
ENMT4;53,30;1,06;17,21;4,20;1,23;22,44;18,28;13,30;12,53;15,32;2,82;0,94;2,29;10,33;-2,01;1,45;24,38;7,16;10,86;0,29;0,71;0,54;7,41;71,84;47.116,00;12,70;3,10;1,22;11.643.169.927,80
EQPA3;4,42;8,60;13,59;2,89;0,80;30,26;19,90;12,23;8,35;9,86;1,50;0,52;1,66;4,01;-1,34;1,96;21,30;5,87;12,17;0,28;0,72;0,48;7,01;6,67;308.746,50;1,53;0,33;0,26;9.769.184.030,26
EQPA5;5,56;6,30;17,09;3,64;1,00;30,26;19,90;12,23;10,51;9,86;1,50;0,52;2,09;5,05;-1,69;1,96;21,30;5,87;12,17;0,28;0,72;0,48;7,01;6,67;25.618,88;1,53;0,33;0,32;9.769.184.030,26
EQPA6;10,48;3,63;32,22;6,86;1,89;30,26;19,90;12,23;19,81;9,86;1,50;0,52;3,94;9,51;-3,18;1,96;21,30;5,87;12,17;0,28;0,72;0,48;7,01;6,67;1.068,00;1,53;0,33;0,61;9.769.184.030,26
EQPA7;5,11;7,44;15,71;3,35;0,92;30,26;19,90;12,23;9,66;9,86;1,50;0,52;1,92;4,64;-1,55;1,96;21,30;5,87;12,17;0,28;0,72;0,48;7,01;6,67;21.902,13;1,53;0,33;0,30;9.769.184.030,26
EQTL3;25,19;4,13;8,56;2,07;0,58;33,46;26,73;16,63;5,32;7,45;2,13;0,83;1,42;4,29;-0,86;1,68;24,23;6,74;12,88;0,28;0,72;0,41;19,79;29,14;176.423.455,30;12,15;2,94;0,37;25.495.194.674,55
ESPA3;16,50;0,37;64,90;11,56;2,76;45,72;13,16;11,90;58,65;63,83;5,18;1,02;7,72;20,77;-6,50;1,30;17,81;4,25;1,32;0,24;0,76;0,36;;;19.529.655,13;1,43;0,25;2,99;4.029.886.839,00
ESTR3;17,80;;-0,92;-0,03;0,06;50,78;18,15;-11,33;0,57;3,25;2,39;;0,10;-0,03;-0,12;0,21;-3,18;-6,42;-5,89;-2,02;3,02;0,57;-3,90;;;-611,41;-19,42;0,01;21.556.000,00
ESTR4;31,10;;-1,60;-0,05;0,10;50,78;18,15;-11,33;1,00;3,25;2,39;;0,18;-0,05;-0,21;0,21;-3,18;-6,42;-5,89;-2,02;3,02;0,57;-3,90;;59.991,20;-611,41;-19,42;0,03;21.556.000,00
ETER3;29,21;;9,51;7,02;2,03;33,27;27,60;23,23;8,00;7,92;-0,08;-0,07;2,21;5,70;-5,82;2,20;73,83;21,30;54,62;0,29;0,71;0,92;-6,86;40,09;76.484.263,37;4,16;3,07;-0,01;1.509.442.961,55
EUCA3;23,10;1,61;14,84;1,44;0,78;31,45;10,81;8,02;11,01;9,24;2,17;0,28;1,19;12,87;-1,19;1,22;9,73;5,27;4,85;0,54;0,46;0,66;9,47;68,84;349.422,33;15,99;1,56;0,12;1.374.939.825,84
EUCA4;10,64;3,85;6,84;0,67;0,36;31,45;10,81;8,02;5,07;9,24;2,17;0,28;0,55;5,93;-0,55;1,22;9,73;5,27;4,85;0,54;0,46;0,66;9,47;68,84;4.952.445,23;15,99;1,56;0,06;1.374.939.825,84
EVEN3;10,27;5,49;148,27;0,88;0,42;28,87;16,28;0,88;8,00;4,93;-3,07;-0,34;1,30;1,01;-1,58;2,30;0,59;0,28;8,15;0,48;0,52;0,32;-5,40;-18,59;13.600.010,03;11,70;0,07;-1,69;2.177.240.000,00
EZTC3;32,48;1,31;18,20;1,78;1,56;43,04;28,41;43,26;27,70;23,68;-4,03;-0,26;7,87;4,20;-2,87;5,50;9,80;8,59;5,96;0,88;0,12;0,20;2,84;-1,36;65.864.417,63;18,22;1,79;0,41;7.343.450.000,00
FBMC3;0,00;;0,00;0,00;0,00;-60,76;-92,67;-101,97;0,00;-0,74;-0,67;;0,00;0,00;0,00;0,31;-24,19;-36,57;25,82;-1,51;2,51;0,36;-18,14;;;-87,48;-21,16;0,00;904.253,84
FBMC4;1,96;;-0,09;-0,02;0,03;-60,76;-92,67;-101,97;-0,10;-0,74;-0,67;;0,09;-0,04;-0,05;0,31;-24,19;-36,57;25,82;-1,51;2,51;0,36;-18,14;;;-87,48;-21,16;0,00;904.253,84
FESA3;59,60;1,42;75,44;2,97;1,87;27,37;17,19;4,30;18,87;15,51;0,88;0,14;3,25;15,02;-2,58;1,83;3,94;2,48;12,04;0,63;0,37;0,58;11,62;-16,62;81.766,57;20,06;0,79;-1,10;4.080.384.000,00
FESA4;39,50;2,35;50,00;1,97;1,24;27,37;17,19;4,30;12,51;15,51;0,88;0,14;2,15;9,95;-1,71;1,83;3,94;2,48;12,04;0,63;0,37;0,58;11,62;-16,62;18.390.516,20;20,06;0,79;-0,73;4.080.384.000,00
FHER3;17,56;;-4,75;-6,39;0,52;14,36;6,99;-9,00;6,11;7,84;1,73;;0,43;3,87;-1,08;1,35;-134,47;-11,00;93,40;-0,08;1,08;1,22;-18,89;;24.399.641,80;-2,75;-3,70;0,04;945.733.907,04
FIGE3;0,00;;0,00;0,00;0,00;100,00;87,05;57,92;0,00;-18,57;-18,57;-0,35;0,00;0,00;0,00;571,40;1,24;1,23;1,24;1,00;0,00;0,02;;-24,90;;98,01;1,21;0,00;0,00
FIGE4;0,00;;0,00;0,00;0,00;100,00;87,05;57,92;0,00;-18,57;-18,57;-0,35;0,00;0,00;0,00;571,40;1,24;1,23;1,24;1,00;0,00;0,02;;-24,90;;98,01;1,21;0,00;0,00
FLEX3;0,00;;0,00;0,00;0,00;31,41;1,02;-4,75;0,00;27,40;27,40;4,82;0,00;0,00;0,00;1,17;-81,57;-5,41;-2,31;0,07;0,93;1,14;9,15;;;8,92;-7,27;0,00;0,00
FLRY3;26,26;2,78;26,30;4,92;1,52;28,86;18,04;10,05;14,66;17,54;2,88;0,97;2,64;14,93;-2,32;1,41;18,72;5,76;10,47;0,31;0,69;0,57;9,42;19,07;47.725.199,83;5,33;1,00;1,91;8.321.339.220,66
FNCN3;0,00;;0,00;0,00;0,00;97,48;-323,82;-323,82;0,00;0,00;;;0,00;0,00;0,00;12,07;-19,33;-17,87;;0,92;0,08;0,06;-37,65;;;11,63;-2,25;0,00;0,00
FRAS3;11,57;2,37;13,36;2,64;0,87;28,72;14,36;11,27;10,49;12,41;1,92;0,48;1,51;4,00;-1,75;1,77;19,73;6,52;8,91;0,33;0,67;0,58;13,81;28,25;3.521.821,03;4,39;0,87;0,03;2.517.242.588,51
FRIO3;77,21;;-2,08;24,77;0,18;17,45;5,03;-10,53;4,37;13,23;8,86;50,30;0,22;1,60;-0,59;1,20;-1.188,66;-8,85;5,42;0,01;0,99;0,84;7,27;;164.265,83;3,12;-37,05;0,00;317.082.476,34
FRTA3;7,81;;7,24;-0,24;0,46;45,64;10,28;16,94;11,93;58,09;46,16;;1,23;-0,20;-0,54;0,06;-3,28;6,41;-26,24;-1,95;2,95;0,38;-19,35;;578.521,47;-32,89;1,08;0,03;15.628.637,86
FTRT3B;0,00;;0,00;0,00;0,00;;;;0,00;0,00;0,00;0,00;;0,00;0,00;0,00;-0,95;-0,90;-2,42;0,95;0,05;0,00;;;;0,01;0,00;0,00;0,00
GBIO33;10,40;;-14,97;1,32;0,79;43,48;3,79;-10,14;40,09;47,57;7,48;0,25;1,52;7,57;-1,43;1,31;-8,83;-5,29;-0,10;0,60;0,40;0,52;12,83;-38,45;5.159.958,21;7,86;-0,69;0,06;1.108.871.982,40
GEPA3;39,00;12,37;5,25;1,93;0,64;97,03;95,99;48,37;2,64;2,60;-0,03;-0,02;2,54;-3,74;-0,98;0,67;36,71;12,27;36,51;0,33;0,67;0,25;3,60;30,90;12.828,36;20,24;7,43;0,03;3.650.790.720,78
GEPA4;38,49;12,54;5,18;1,90;0,64;97,03;95,99;48,37;2,61;2,60;-0,03;-0,02;2,50;-3,69;-0,97;0,67;36,71;12,27;36,51;0,33;0,67;0,25;3,60;30,90;39.340,22;20,24;7,43;0,03;3.650.790.720,78
GFSA3;4,50;;-17,68;0,87;0,36;20,50;0,41;-8,66;375,53;464,02;88,48;0,20;1,53;1,26;-1,12;1,73;-4,91;-2,04;-0,16;0,42;0,58;0,24;-9,34;;19.923.582,17;5,18;-0,25;-0,04;1.353.042.454,50
GGBR3;28,50;2,88;10,65;1,42;0,72;17,42;16,26;9,03;5,92;8,08;1,30;0,31;0,96;3,30;-1,17;2,30;13,36;6,76;12,15;0,51;0,49;0,75;0,11;;5.172.255,70;20,03;2,68;0,03;56.001.064.342,50
GGBR4;34,69;2,36;12,97;1,73;0,88;17,42;16,26;9,03;7,21;8,08;1,30;0,31;1,17;4,02;-1,43;2,30;13,36;6,76;12,15;0,51;0,49;0,75;0,11;;515.159.353,63;20,03;2,68;0,03;56.001.064.342,50
GGPS3;14,39;;;;;;;;;;;;;;;;;;;;;;;;24.852.663,33;;0,00;;9.605.192.468,10
GMAT3;7,84;;23,86;3,03;2,11;24,11;7,02;5,85;19,92;18,85;-1,07;-0,16;1,40;3,68;-8,12;4,46;12,72;8,85;12,60;0,70;0,30;1,51;;;37.381.579,97;2,58;0,33;0,21;17.321.273.259,36
GNDI3;81,29;;67,94;7,05;3,06;29,14;12,94;6,90;36,21;36,15;-0,06;-0,01;4,69;21,54;-4,45;1,83;10,37;4,50;8,23;0,43;0,57;0,65;29,03;66,02;335.744.541,17;11,54;1,20;0,92;50.172.995.456,85
GOAU3;14,48;3,11;9,87;1,22;0,23;17,42;16,23;3,13;1,91;3,10;1,11;0,72;0,31;0,96;-0,38;2,44;12,41;2,29;11,77;0,18;0,48;0,73;0,11;;1.291.197,47;11,83;1,47;0,03;16.385.979.076,59
GOAU4;15,40;2,92;10,49;1,30;0,24;17,42;16,23;3,13;2,03;3,10;1,11;0,72;0,33;1,02;-0,40;2,44;12,41;2,29;11,77;0,18;0,48;0,73;0,11;;147.023.808,20;11,83;1,47;0,03;16.385.979.076,59
GOLL4;25,44;;-12,82;-4,74;6,71;1,73;-52,17;-129,98;-31,93;-35,72;-3,79;;16,66;-9,49;-8,59;0,24;-37,00;-52,39;42,58;-1,42;2,38;0,40;-8,21;;165.326.109,20;-5,37;-1,99;-0,08;79.729.134.031,47
GPAR3;59,00;0,86;27,62;3,24;2,26;68,89;86,08;59,78;19,18;19,00;-0,18;-0,03;16,51;15,03;-2,82;4,23;11,73;8,18;10,50;0,70;0,30;0,14;40,68;;17.345,00;18,21;2,14;0,21;4.597.777.488,00
GPCP3;37,31;3,08;9,81;3,70;1,38;21,71;17,70;11,99;6,64;7,09;0,54;0,30;1,18;8,96;-2,35;1,60;37,71;14,09;32,96;0,37;0,63;1,18;20,13;;6.953.008,27;10,09;3,80;0,03;1.153.804.277,60
GPCP4;29,30;8,38;7,70;2,90;1,09;21,71;17,70;11,99;5,22;7,09;0,54;0,30;0,92;7,04;-1,85;1,60;37,71;14,09;32,96;0,37;0,63;1,18;20,13;;129.130,05;10,09;3,80;0,02;1.153.804.277,60
GPIV33;5,44;;-1,05;0,17;0,13;100,00;113,32;58,00;-0,54;0,25;0,79;-0,25;;0,71;-0,17;4,75;-16,09;-12,47;-30,19;0,78;0,22;-0,21;;;2.086.299,17;32,07;-5,16;0,00;409.749.134,08
GRND3;9,55;6,53;17,07;2,18;1,80;46,75;17,84;24,64;23,58;19,23;-4,35;-0,40;4,21;3,35;-5,83;4,48;12,75;10,54;7,74;0,83;0,17;0,43;-2,95;-5,56;21.808.007,13;4,39;0,56;1,36;8.615.628.000,00
GSHP3;42,30;;-0,17;-0,17;0,05;66,49;17,69;-515,29;5,03;104,53;99,50;;0,89;-3,07;-0,06;0,90;-100,93;-27,93;-3,43;-0,28;1,28;0,05;-18,98;;92.665,09;-242,94;-245,20;0,00;81.586.928,70
GUAR3;19,65;2,07;-361,25;1,95;0,71;50,61;-0,50;-0,43;-312,23;-334,73;-22,50;0,14;1,57;2,71;-1,91;1,71;-0,54;-0,20;-2,25;0,36;0,64;0,45;2,55;;18.020.720,17;10,07;-0,05;3,45;9.809.280.000,00
HAGA3;3,60;;5,05;-0,61;0,72;31,08;27,46;22,50;4,14;3,37;-0,07;;1,14;2,02;-4,06;1,76;-12,13;14,21;-25,02;-1,17;2,17;0,63;0,12;12,13;69.293,13;-5,88;0,71;0,02;35.620.666,97
HAGA4;2,69;;3,77;-0,46;0,54;31,08;27,46;22,50;3,09;3,37;-0,07;;0,85;1,51;-3,04;1,76;-12,13;14,21;-25,02;-1,17;2,17;0,63;0,12;12,13;652.316,70;-5,88;0,71;0,02;35.620.666,97
HAPV3;14,80;0,39;72,73;7,28;4,21;39,11;14,81;9,16;44,97;44,65;-0,32;-0,05;6,66;41,24;-5,69;1,65;10,00;5,79;9,28;0,58;0,42;0,63;28,32;20,33;163.972.121,20;2,03;0,20;-9,31;56.747.961.272,20
HBOR3;8,82;0,54;44,52;0,70;0,27;19,73;5,46;2,72;22,22;40,65;18,44;0,58;1,21;0,55;-1,00;3,12;1,58;0,61;0,98;0,38;0,62;0,22;-5,72;-2,10;18.767.921,30;12,51;0,20;-0,35;1.180.566.455,04
HBRE3;16,00;;-79,39;1,21;0,63;84,53;113,07;-26,89;18,88;27,68;8,80;0,56;21,35;-16,61;-0,67;0,61;-1,53;-0,80;1,91;0,52;0,48;0,03;;;2.643.700,90;13,21;-0,20;0,72;1.651.023.696,00
HBSA3;6,76;;-48,70;3,37;0,90;25,48;13,86;-7,22;25,36;39,82;14,46;1,92;3,52;5,24;-1,20;3,20;-6,92;-1,85;2,65;0,27;0,73;0,26;49,43;;19.058.059,03;2,01;-0,14;0,17;5.140.186.666,68
HBTS5;35,50;;221,48;1,10;0,24;68,77;46,38;1,45;6,93;9,55;2,63;0,42;3,21;-1,91;-0,29;0,54;0,50;0,11;7,80;0,22;0,78;0,08;7,42;-25,49;67.943,63;32,20;0,16;-2,18;324.245.888,50
HETA3;4,01;;-0,01;0,00;0,17;100,00;-10.956,88;-10.958,54;-0,01;-1,91;-1,89;;1,30;-0,04;-0,20;0,02;-31,00;-1.459,90;74,65;-47,10;48,10;0,13;-2,24;;;-1.088,28;-337,35;0,00;4.118.558,11
HETA4;10,13;;-0,03;-0,01;0,44;100,00;-10.956,88;-10.958,54;-0,03;-1,91;-1,89;;3,29;-0,09;-0,49;0,02;-31,00;-1.459,90;74,65;-47,10;48,10;0,13;-2,24;;93.810,70;-1.088,28;-337,35;0,00;4.118.558,11
HGTX3;29,49;1,85;13,98;2,95;2,05;39,09;7,56;31,95;59,05;56,87;-2,17;-0,11;4,47;6,03;-5,26;2,25;21,14;14,65;0,15;0,69;0,31;0,46;-7,54;4,05;151.316.873,47;9,98;2,11;0,23;4.778.497.747,80
HOOT3;0,00;;0,00;0,00;0,00;48,06;-190,02;-251,06;0,00;-0,32;0,01;;0,00;0,00;0,00;0,03;-19,11;-19,65;14,89;-1,03;2,03;0,08;-24,22;;;-25,85;-4,94;0,00;22.183.528,14
HOOT4;2,81;;-0,57;-0,11;0,11;48,06;-190,02;-251,06;-0,75;-0,32;0,01;;1,43;-0,09;-0,12;0,03;-19,11;-19,65;14,89;-1,03;2,03;0,08;-24,22;;53.204,30;-25,85;-4,94;0,02;22.183.528,14
HYPE3;33,75;3,52;15,69;2,29;1,19;63,87;32,20;30,65;14,94;18,39;3,46;0,53;4,81;7,43;-1,67;2,26;14,57;7,58;8,45;0,52;0,48;0,25;6,70;18,26;102.899.790,10;14,76;2,15;0,60;21.365.284.359,79
IDVL3;2,16;;-0,99;0,93;0,06;-18,91;-40,19;-154,60;-3,81;-3,84;;;1,53;0,48;-0,13;1,26;-94,38;-5,67;;0,06;0,94;0,04;-32,17;;289.164,47;2,31;-2,18;0,00;224.007.574,38
IDVL4;2,67;;-1,22;1,16;0,07;-18,91;-40,19;-154,60;-4,71;-3,84;;;1,89;0,59;-0,16;1,26;-94,38;-5,67;;0,06;0,94;0,04;-32,17;;89.696,16;2,31;-2,18;0,00;224.007.574,38
IFCM3;14,80;;;;;;;;;;;;;;;;;;;;;;;;11.089.152,44;;0,00;;3.517.378.744,80
IGBR3;12,75;;-1,75;-0,17;0,83;80,85;-655,78;-1.542,07;-4,11;-27,43;-23,32;;26,97;-2,13;-0,90;0,15;-9,87;-47,71;198,41;-4,83;5,83;0,03;-8,75;;890.753,70;-73,87;-7,29;-0,07;159.438.316,50
IGSN3;0,00;;0,00;0,00;0,00;44,34;22,03;-0,81;0,00;7,29;7,29;1,50;0,00;0,00;0,00;2,39;-0,76;-0,21;5,64;0,28;0,72;0,26;10,03;;;3,01;-0,02;0,00;0,00
IGTA3;41,73;1,17;31,94;2,32;1,08;58,07;52,11;33,57;20,58;25,77;5,19;0,58;10,72;7,19;-1,46;2,39;7,25;3,38;4,58;0,47;0,53;0,10;1,21;0,88;100.440.408,53;18,01;1,31;-2,32;7.417.686.276,00
INEP3;53,00;;-1,03;-0,20;0,32;19,54;-4.232,60;-5.843,94;-1,42;-3,79;-2,38;;60,08;-0,21;-0,38;0,10;-19,63;-30,72;21,52;-1,57;2,57;0,01;-53,72;;1.503.305,47;-262,67;-51,55;1,50;434.543.805,12
INEP4;51,89;;-1,01;-0,20;0,31;19,54;-4.232,60;-5.843,94;-1,39;-3,79;-2,38;;58,82;-0,21;-0,37;0,10;-19,63;-30,72;21,52;-1,57;2,57;0,01;-53,72;;1.999.353,37;-262,67;-51,55;1,47;434.543.805,12
INNT3;0,00;;0,00;0,00;0,00;14,02;-11,37;-17,88;0,00;-5,51;-5,51;2,93;0,00;0,00;0,00;1,25;-83,52;-4,88;-9,96;0,06;0,94;0,27;37,50;;;0,55;-0,46;0,00;0,00
INTB3;25,40;;18,83;8,52;3,41;31,57;17,62;18,53;19,80;19,20;-0,60;-0,26;3,49;8,65;-20,86;1,89;45,28;18,10;27,38;0,40;0,60;0,98;;;29.751.946,77;2,98;1,35;0,07;8.321.322.194,00
IRBR3;6,18;2,14;-5,15;1,84;0,34;-18,47;-21,42;-17,94;-4,31;-4,31;;;0,92;-5,58;-1,07;0,92;-35,74;-6,70;;0,19;0,81;0,37;17,75;;162.304.674,67;3,36;-1,20;0,02;7.822.883.348,44
ITEC3;40,10;;-35,12;22,04;9,22;-121,18;-18.852,94;-7.435,88;-13,85;-13,21;0,64;-1,02;2.611,73;25,42;-16,70;5,23;-62,76;-26,24;-174,07;0,42;0,58;0,00;-75,29;;;1,82;-1,14;1,36;443.994.658,60
ITSA3;11,26;2,47;13,42;1,61;1,29;31,50;131,36;120,00;12,26;12,00;0,21;0,03;16,11;23,07;-1,44;2,28;12,02;9,63;11,16;0,80;0,16;0,08;3,78;-3,97;2.299.474,40;6,98;0,84;-0,43;91.172.350.729,40
ITSA4;10,60;2,63;12,64;1,52;1,22;31,50;131,36;120,00;11,54;12,00;0,21;0,03;15,16;21,71;-1,35;2,28;12,02;9,63;11,16;0,80;0,16;0,08;3,78;-3,97;292.859.624,50;6,98;0,84;-0,40;91.172.350.729,40
ITUB3;25,57;2,35;11,87;1,70;0,12;65,94;13,28;12,16;10,87;11,56;;;1,44;;-0,13;;14,34;1,04;;0,07;0,92;0,09;6,04;-10,45;13.951.226,93;15,02;2,15;-1,05;266.683.029.312,06
ITUB4;28,85;2,08;13,39;1,92;0,14;65,94;13,28;12,16;12,27;11,56;;;1,63;;-0,14;;14,34;1,04;;0,07;0,92;0,09;6,04;-10,45;857.325.026,10;15,02;2,15;-1,18;266.683.029.312,06
JALL3;8,78;;25,75;4,66;0,92;50,14;40,67;10,39;6,58;9,83;3,25;2,30;2,68;4,19;-1,73;1,88;18,08;3,57;14,56;0,20;0,80;0,34;;;6.410.619,80;1,89;0,34;;2.587.440.458,98
JBDU3;3,54;;-2,74;0,29;0,09;;;;-2,81;-3,63;-0,93;0,10;;-0,53;-0,09;0,00;-10,59;-3,40;-9,42;0,32;0,68;0,00;;;436.287,00;12,19;-1,29;-0,06;17.031.689,04
JBDU4;3,32;;-2,57;0,27;0,09;;;;-2,64;-3,63;-0,93;0,10;;-0,50;-0,09;0,00;-10,59;-3,40;-9,42;0,32;0,68;0,00;;;759.892,63;12,19;-1,29;-0,05;17.031.689,04
JBSS3;30,67;3,31;16,75;1,77;0,47;16,73;7,59;1,70;3,76;6,01;2,25;1,06;0,29;3,91;-0,75;1,48;10,56;2,81;15,44;0,27;0,73;1,65;10,65;-1,92;417.033.091,83;17,34;1,83;-0,69;77.142.090.854,40
JFEN3;6,91;;-4,31;-1,59;0,57;-22,06;-508,80;-581,90;-4,93;-8,83;-3,90;;25,08;-8,43;-3,65;0,93;-36,93;-13,17;-126,02;-0,36;1,36;0,02;-44,72;;55.586,00;-4,34;-1,60;0,06;726.958.361,65
JHSF3;7,20;4,95;6,07;1,26;0,65;72,96;69,99;58,88;5,10;5,59;0,48;0,12;3,57;4,26;-0,89;2,35;20,79;10,73;15,17;0,52;0,47;0,18;13,16;42,24;41.573.384,50;5,71;1,19;0,04;4.933.414.367,48
JOPA3;28,55;1,01;9,49;0,43;0,15;27,37;7,51;2,03;2,57;6,66;4,04;0,68;0,19;0,52;-0,44;1,76;4,56;1,57;3,94;0,34;0,66;0,77;8,16;5,14;15.459,90;65,93;3,01;0,05;308.087.886,39
JOPA4;73,93;0,43;24,58;1,12;0,39;27,37;7,51;2,03;6,66;6,66;4,04;0,68;0,50;1,34;-1,14;1,76;4,56;1,57;3,94;0,34;0,66;0,77;8,16;5,14;23.537,50;65,93;3,01;0,12;308.087.886,39
JPSA3;29,25;0,47;33,60;0,81;0,37;59,31;49,40;11,31;7,69;13,56;5,87;0,62;3,80;2,42;-0,50;2,33;2,41;1,09;3,93;0,45;0,55;0,10;1,23;;7.903.718,37;36,11;0,87;-0,83;2.596.246.199,96
JSLG3;11,20;0,50;12,26;2,67;0,65;-6,28;17,87;19,12;13,12;20,91;7,79;1,59;2,34;3,13;-1,08;2,12;21,80;5,33;5,92;0,24;0,76;0,28;-13,95;22,94;4.481.456,73;4,19;0,91;0,16;3.135.900.073,60
KEPL3;53,59;2,37;18,53;2,64;1,48;23,59;12,34;9,76;14,66;12,40;-2,26;-0,41;1,81;8,22;-3,55;1,45;14,23;8,00;12,79;0,56;0,44;0,82;-1,00;61,09;12.165.254,47;20,33;2,89;0,23;1.410.058.525,89
KLBN11;26,93;;28,71;9,87;0,78;37,80;25,45;8,22;9,27;15,94;6,66;7,09;2,36;3,45;-1,20;2,92;34,36;2,73;8,57;0,08;0,90;0,33;16,01;;181.107.931,17;2,73;0,94;-0,20;30.224.263.027,28
KLBN3;5,80;;30,92;10,62;0,84;37,80;25,45;8,22;9,99;15,94;6,66;7,09;2,54;3,71;-1,29;2,92;34,36;2,73;8,57;0,08;0,90;0,33;16,01;;1.765.198,87;0,55;0,19;-0,21;30.224.263.027,28
KLBN4;5,26;;28,04;9,64;0,77;37,80;25,45;8,22;9,06;15,94;6,66;7,09;2,30;3,37;-1,17;2,92;34,36;2,73;8,57;0,08;0,90;0,33;16,01;;8.873.081,87;0,55;0,19;-0,19;30.224.263.027,28
LAME3;18,06;1,19;121,50;2,75;0,77;32,91;5,44;1,25;27,84;30,76;1,56;0,15;1,52;2,07;-2,09;2,45;2,26;0,64;3,30;0,28;0,64;0,51;3,50;37,33;83.006.764,27;6,57;0,15;-2,01;35.817.798.024,26
LAME4;19,42;1,11;130,65;2,95;0,83;32,91;5,44;1,25;29,93;30,76;1,56;0,15;1,63;2,23;-2,25;2,45;2,26;0,64;3,30;0,28;0,64;0,51;3,50;37,33;269.202.118,30;6,57;0,15;-2,16;35.817.798.024,26
LAVV3;8,32;1,24;19,09;1,37;1,05;41,67;33,06;26,01;15,03;7,76;-7,26;-0,66;4,97;1,62;-6,04;4,77;7,19;5,52;8,20;0,77;0,23;0,21;;;12.767.189,80;6,06;0,44;0,17;1.785.710.384,64
LCAM3;24,33;1,49;23,55;2,81;934,96;27,87;17,05;8,77;12,11;16,38;4,27;0,99;2,07;17,83;-1,23;1,28;11,94;3.970,06;7,73;332,52;667,48;452,73;51,17;83,45;60.466.811,27;8,65;1,03;0,45;12.423.172.216,62
LEVE3;26,87;3,46;27,69;2,57;1,23;26,09;8,06;5,18;17,81;17,60;-0,21;-0,03;1,44;6,13;-2,83;1,55;9,28;4,45;9,37;0,48;0,52;0,86;-0,25;-6,62;15.441.906,37;10,46;0,97;-0,53;3.447.649.395,00
LHER3;0,00;;0,00;0,00;0,00;63,41;22,35;10,99;0,00;-3,77;-3,77;-0,15;0,00;0,00;0,00;6,36;1,95;0,67;3,94;0,34;0,66;0,06;4,31;-51,59;;141,54;2,76;0,00;0,00
LHER4;0,00;;0,00;0,00;0,00;63,41;22,35;10,99;0,00;-3,77;-3,77;-0,15;0,00;0,00;0,00;6,36;1,95;0,67;3,94;0,34;0,66;0,06;4,31;-51,59;;141,54;2,76;0,00;0,00
LIGT3;16,71;2,64;9,00;0,88;0,24;24,44;13,62;5,29;3,49;7,20;3,70;0,93;0,48;8,23;-0,34;1,10;9,78;2,62;8,51;0,27;0,73;0,50;3,68;78,83;39.549.887,10;18,99;1,86;-0,19;6.221.673.910,80
LINX3;37,30;;-88,23;4,36;2,64;67,68;-5,33;-9,14;-151,29;-146,40;4,89;-0,14;8,06;11,66;-4,76;2,03;-4,94;-2,99;-2,49;0,60;0,40;0,33;14,30;;16.672.814,37;8,55;-0,42;0,29;7.064.954.208,00
LIPR3;70,00;2,44;18,20;4,04;3,31;;;;19,35;17,18;-2,18;-0,45;;11,90;-5,68;3,01;22,22;18,22;20,89;0,82;0,18;0,00;;53,51;86.276,33;17,31;3,85;-0,01;823.542.230,00
LJQQ3;19,90;0,43;46,00;7,55;1,80;41,24;10,09;4,65;21,21;21,40;0,19;0,07;2,14;6,41;-5,80;1,69;16,42;3,92;16,72;0,24;0,76;0,84;;;29.632.912,60;2,63;0,43;0,26;3.727.076.353,10
LLIS3;4,49;;-0,15;1,12;0,14;49,28;-209,69;-334,84;-0,25;-1,50;-1,25;5,67;0,52;1,30;-0,19;1,81;-724,31;-93,03;-98,21;0,13;0,87;0,28;-12,82;;2.300.263,63;4,02;-29,12;0,00;309.140.222,21
LOGG3;29,64;1,81;13,03;0,96;0,66;98,82;254,89;161,03;8,23;9,65;1,42;0,16;20,99;5,73;-0,81;2,50;7,33;5,05;5,97;0,69;0,30;0,03;8,78;52,67;11.594.419,57;31,03;2,27;0,09;3.027.997.324,56
LOGN3;19,49;;19,34;5,81;0,93;21,29;17,68;9,23;10,10;13,44;3,34;1,92;1,79;3,20;-1,79;2,54;30,04;4,82;8,91;0,16;0,84;0,52;4,71;;18.510.988,57;3,36;1,01;-0,10;2.055.984.332,59
LPSB3;4,07;;-117,18;3,46;1,51;85,42;21,33;-3,07;16,88;12,98;-3,90;-0,80;3,60;5,21;-2,71;2,89;-2,96;-1,29;10,84;0,44;0,56;0,42;-3,97;;4.890.443,77;1,18;-0,03;-5,95;600.547.348,17
LREN3;43,70;0,78;35,80;7,13;2,68;57,23;11,37;14,54;45,81;46,64;0,83;0,13;5,21;12,03;-6,83;1,58;19,93;7,49;8,47;0,38;0,62;0,51;4,17;13,62;461.263.457,33;6,13;1,22;-139,35;39.178.184.560,20
LTEL3B;86,61;1,14;50,53;6,94;6,37;;;;49,31;49,51;0,20;0,03;;214,30;-6,79;1,93;13,74;12,61;13,34;0,92;0,08;0,00;;;;12,48;1,71;2,25;18.664.056.853,83
LUPA3;10,22;;14,14;2,08;0,59;22,81;10,91;37,70;48,86;66,54;17,69;0,75;5,33;2,43;-0,98;2,55;14,68;4,18;0,89;0,28;0,72;0,11;-27,27;;32.605.393,17;4,92;0,72;-0,08;291.042.104,22
LUXM3;0,00;;0,00;0,00;0,00;24,63;12,85;8,05;0,00;14,71;0,26;0,04;0,00;0,00;0,00;1,86;8,93;5,49;7,94;0,61;0,39;0,68;7,04;-0,09;;18,14;1,62;0,00;194.137.020,00
LUXM4;66,99;9,37;41,34;3,69;2,27;24,63;12,85;8,05;25,91;14,71;0,26;0,04;3,33;19,72;-3,02;1,86;8,93;5,49;7,94;0,61;0,39;0,68;7,04;-0,09;52.269,03;18,14;1,62;-1,18;194.137.020,00
LWSA3;22,83;0,14;677,11;19,83;9,20;42,06;9,05;4,04;302,50;296,35;-6,14;-0,40;27,38;37,45;-20,73;1,79;2,93;1,36;4,13;0,46;0,54;0,34;;;241.674.518,07;1,15;0,03;73,31;13.366.092.254,76
MAPT3;37,00;;-199,99;-5,92;43,98;;;;-201,18;-200,63;0,00;;;-6.799,82;-43,98;0,00;-2,96;-21,99;2,94;-7,43;8,43;0,00;;;14.800,00;-6,25;-0,19;-46,57;33.906.227,00
MAPT4;36,80;;-198,91;-5,88;43,75;;;;-200,09;-200,63;0,00;;;-6.763,07;-43,75;0,00;-2,96;-21,99;2,94;-7,43;8,43;0,00;;;27.094,33;-6,25;-0,19;-46,32;33.906.227,00
MATD3;16,56;;;;;;;;;;;;;;;;;;;;;;;;27.361.033,40;;0,00;;5.874.216.076,08
MBLY3;18,46;;-35,81;2,83;2,11;40,49;-5,46;-8,34;-54,68;-40,38;14,30;-0,74;2,99;3,17;-16,29;4,25;-7,90;-5,88;-4,80;0,74;0,26;0,71;;;3.529.902,80;6,53;-0,52;-1,18;1.965.803.627,84
MDIA3;26,40;1,92;13,94;1,34;0,86;30,34;7,44;9,03;16,92;17,75;0,83;0,07;1,26;2,94;-1,51;3,13;9,61;6,16;5,76;0,64;0,36;0,68;9,43;4,81;45.071.110,93;19,70;1,89;18,10;8.949.600.000,00
MDNE3;8,94;;-7,58;0,76;0,37;27,07;-14,09;-19,50;-10,50;-11,43;-0,94;0,07;1,48;1,64;-0,63;2,12;-10,01;-4,82;-7,37;0,48;0,52;0,25;-8,09;;3.460.505,73;11,78;-1,18;-1,93;759.089.812,50
MEAL3;3,63;;-2,20;0,88;0,38;23,53;-48,27;-41,05;-1,87;-2,11;-0,24;0,12;0,90;3,20;-0,51;1,81;-40,09;-17,20;-37,26;0,43;0,57;0,42;-6,51;;17.024.823,63;4,13;-1,65;0,00;1.036.657.698,60
MELK3;6,00;0,11;29,35;1,04;0,70;22,37;9,40;7,31;22,82;11,44;-11,38;-0,52;2,15;1,15;-6,13;3,15;3,55;2,37;3,28;0,67;0,33;0,32;;;4.167.820,03;5,76;0,20;-4,53;1.247.816.046,00
MERC3;27,11;;55,77;1,97;1,62;79,12;22,22;15,28;38,34;28,25;;;8,52;5,28;-2,66;4,63;3,54;2,90;;0,82;0,18;0,19;-30,32;;89.396,56;13,75;0,49;-1,09;359.753.661,65
MERC4;10,70;;22,01;0,78;0,64;79,12;22,22;15,28;15,13;28,25;;;3,36;2,09;-1,05;4,63;3,54;2,90;;0,82;0,18;0,19;-30,32;;9.500,17;13,75;0,49;-0,43;359.753.661,65
MGEL3;19,13;;-3,57;-0,28;0,28;14,76;14,38;-5,67;1,41;9,56;8,47;;0,20;0,69;-0,69;3,06;-7,73;-7,78;23,17;-1,01;2,01;1,37;5,03;;;-69,31;-5,36;0,00;85.104.138,53
MGEL4;12,26;;-2,29;-0,18;0,18;14,76;14,38;-5,67;0,90;9,56;8,47;;0,13;0,44;-0,44;3,06;-7,73;-7,78;23,17;-1,01;2,01;1,37;5,03;;169.806,07;-69,31;-5,36;0,00;85.104.138,53
MGLU3;19,16;0,26;317,89;17,00;5,05;25,77;2,83;1,34;151,01;149,54;-1,48;-0,17;4,27;36,81;-15,87;1,25;5,35;1,59;8,90;0,30;0,70;1,18;26,58;;524.329.368,97;1,13;0,06;-5,53;124.454.449.139,20
MILS3;8,30;;-440,54;1,90;1,42;39,39;2,67;-0,94;154,52;146,03;-8,49;-0,10;4,13;5,13;-2,26;3,84;-0,43;-0,32;0,45;0,74;0,26;0,34;-2,55;;19.175.433,63;4,36;-0,02;4,93;2.091.236.709,00
MMXM3;18,05;;-1,45;-0,14;0,92;-2,34;-556,64;-31.589,06;-82,18;-255,26;-173,08;;457,47;-0,14;-0,97;0,01;-9,93;-63,22;0,43;-6,37;7,37;0,00;-6,95;;7.238.628,43;-125,54;-12,46;0,04;117.111.703,15
MNDL3;27,50;;-7,61;-0,45;0,06;33,68;9,39;-1,74;1,41;5,32;3,91;;0,13;-0,11;-0,09;0,34;-5,87;-0,81;91,13;-0,14;1,14;0,46;4,94;;46.720,22;-61,60;-3,61;0,56;68.207.150,00
MNPR3;12,89;;5,53;-0,24;0,37;28,27;14,58;6,37;2,42;2,42;0,01;;0,35;-0,23;-0,66;0,21;-4,41;6,78;-8,24;-1,54;2,54;1,06;4,62;;1.023.769,13;-52,92;2,33;-0,04;91.520.289,00
MOAR3;280,00;2,90;-367,08;3,53;2,08;-1,66;-27,33;-8,59;-115,36;-107,36;8,00;-0,24;31,53;6,22;-3,69;4,27;-0,96;-0,57;-7,67;0,59;0,41;0,07;94,65;;87.052,00;79,41;-0,76;3,36;3.430.341.880,00
MODL11;18,01;;;;;;;;;;;;;;;;;;;;;;;;37.486.439,18;;0,00;;4.227.547.333,33
MODL3;12,58;;;;;;;;;;;;;;;;;;;;;;;;1.747.998,00;;0,00;;4.227.547.333,33
MODL4;6,60;;;;;;;;;;;;;;;;;;;;;;;;1.495.518,50;;0,00;;4.227.547.333,33
MOSI3;21,60;0,00;45,27;24,88;12,22;92,13;27,01;26,11;43,77;43,91;0,13;0,08;11,82;57,37;-27,22;1,63;54,96;27,00;38,28;0,49;0,51;1,03;;;29.315.876,20;0,87;0,48;;2.734.468.848,00
MOVI3;16,39;0,90;14,72;2,09;0,38;26,09;17,39;8,58;7,26;16,27;9,01;2,59;1,26;2,50;-0,53;2,08;14,17;2,55;4,64;0,18;0,82;0,30;27,48;10,21;35.023.904,20;7,86;1,11;0,04;4.887.358.578,90
MRFG3;18,53;1,10;3,55;5,68;0,32;17,26;11,56;5,22;1,60;3,84;2,24;7,95;0,19;2,93;-0,58;1,31;160,09;8,91;21,94;0,06;0,90;1,71;28,12;;145.578.926,90;3,26;5,23;0,00;13.174.570.788,76
MRSA3B;41,23;1,51;32,58;3,25;1,26;30,16;26,71;11,94;14,56;12,54;1,85;0,41;3,89;-52,62;-1,51;0,88;9,98;3,87;10,23;0,39;0,61;0,32;2,59;7,78;13.853,00;12,68;1,27;-2,24;10.294.767.465,85
MRSA5B;16,68;4,12;13,18;1,32;0,51;30,16;26,71;11,94;5,89;12,54;1,85;0,41;1,57;-21,29;-0,61;0,88;9,98;3,87;10,23;0,39;0,61;0,32;2,59;7,78;9.900,00;12,68;1,27;-0,91;10.294.767.465,85
MRSA6B;29,62;2,32;23,41;2,34;0,90;30,16;26,71;11,94;10,46;12,54;1,85;0,41;2,79;-37,80;-1,09;0,88;9,98;3,87;10,23;0,39;0,61;0,32;2,59;7,78;5.801,00;12,68;1,27;-1,61;10.294.767.465,85
MRVE3;17,33;4,72;15,21;1,39;0,46;28,20;10,74;8,28;11,72;16,73;5,00;0,59;1,26;1,69;-0,88;2,37;9,12;3,05;5,37;0,33;0,67;0,37;6,89;0,85;68.233.040,70;12,50;1,14;-0,75;8.387.539.323,21
MSPA3;48,00;;-5,61;0,37;0,22;22,36;-65,25;-54,53;-4,69;-5,62;-0,86;0,07;3,06;9,04;-0,23;1,76;-6,63;-3,94;-8,90;0,59;0,41;0,07;-2,17;;13.800,00;129,21;-8,56;-0,11;312.225.541,76
MSPA4;54,19;;-6,33;0,42;0,25;22,36;-65,25;-54,53;-5,29;-5,62;-0,86;0,07;3,45;10,21;-0,26;1,76;-6,63;-3,94;-8,90;0,59;0,41;0,07;-2,17;;16.486,00;129,21;-8,56;-0,13;312.225.541,76
MSRO3;702,50;;17.076,54;360,19;75,79;30,06;15,05;0,90;1.022,20;1.029,27;7,07;2,49;153,79;-1.875,39;-105,58;0,87;2,11;0,44;7,88;0,21;0,79;0,49;14,18;;;1,95;0,04;1.023,48;18.271.898.550,00
MTIG3;0,00;;0,00;0,00;0,00;10,69;-6,12;-13,32;0,00;-11,90;-10,56;3,37;0,00;0,00;0,00;0,67;-69,40;-11,19;-21,36;0,16;0,84;0,84;0,14;;;93,61;-64,96;0,00;9.655.368,96
MTIG4;60,01;;-0,92;0,64;0,10;10,69;-6,12;-13,32;-2,01;-11,90;-10,56;3,37;0,12;-0,62;-0,16;0,67;-69,40;-11,19;-21,36;0,16;0,84;0,84;0,14;;45.825,44;93,61;-64,96;0,00;9.655.368,96
MTRE3;11,45;3,90;28,30;1,22;0,91;34,19;8,85;9,54;30,52;13,88;-16,64;-0,66;2,70;1,47;-4,80;4,29;4,30;3,22;3,00;0,75;0,25;0,34;;;7.873.408,13;9,41;0,40;0,25;1.211.121.689,00
MTSA3;34,41;4,91;4,68;1,09;0,76;30,38;18,82;16,54;4,11;3,69;-0,74;-0,20;0,77;1,51;-3,40;2,83;23,32;16,23;13,16;0,70;0,30;0,98;10,62;28,09;;31,53;7,35;0,01;338.642.906,19
MTSA4;39,33;4,73;5,35;1,25;0,87;30,38;18,82;16,54;4,70;3,69;-0,74;-0,20;0,88;1,73;-3,89;2,83;23,32;16,23;13,16;0,70;0,30;0,98;10,62;28,09;228.194,87;31,53;7,35;0,01;338.642.906,19
MULT3;24,07;1,89;17,36;2,30;1,37;73,82;92,51;81,47;15,29;17,34;2,05;0,31;14,15;23,68;-1,66;1,51;13,27;7,91;9,57;0,60;0,40;0,10;0,31;21,64;131.588.620,17;10,45;1,39;0,35;14.544.420.783,75
MWET3;41,00;;3,39;-0,46;0,46;11,17;31,90;17,01;1,81;1,90;0,97;;0,58;-1,09;-0,60;0,37;-13,44;13,53;-27,44;-1,01;2,01;0,80;-0,73;;48.814,22;-89,91;12,09;-0,02;43.506.183,42
MWET4;11,21;;0,93;-0,12;0,13;11,17;31,90;17,01;0,49;1,90;0,97;;0,16;-0,30;-0,17;0,37;-13,44;13,53;-27,44;-1,01;2,01;0,80;-0,73;;383.060,57;-89,91;12,09;-0,01;43.506.183,42
MYPK3;13,88;;-4,34;0,56;0,17;6,45;-2,11;-5,61;-11,55;-30,58;-19,03;0,92;0,24;2,64;-0,29;1,19;-12,93;-3,96;-2,09;0,31;0,69;0,71;5,05;;21.584.811,77;24,74;-3,20;0,02;2.133.628.061,88
NAFG3;64,37;;11,80;2,76;1,15;41,15;16,49;9,34;6,68;5,06;1,17;0,48;1,10;3,20;-2,87;2,52;23,42;9,77;15,89;0,42;0,58;1,05;7,87;33,76;;23,30;5,46;-1,14;508.315.292,42
NAFG4;19,02;;3,49;0,82;0,34;41,15;16,49;9,34;1,97;5,06;1,17;0,48;0,33;0,94;-0,85;2,52;23,42;9,77;15,89;0,42;0,58;1,05;7,87;33,76;;23,30;5,46;-0,34;508.315.292,42
NEMO3;0,00;;0,00;0,00;0,00;37,74;27,71;-9,65;0,00;7,56;7,56;8,63;0,00;0,00;0,00;2,20;-39,77;-2,89;1,90;0,07;0,93;0,30;24,40;;;42,74;-16,99;0,00;0,00
NEMO5;52,97;0,06;-3,12;1,24;0,09;37,74;27,71;-9,65;1,09;7,56;7,56;8,63;0,30;0,93;-0,11;2,20;-39,77;-2,89;1,90;0,07;0,93;0,30;24,40;;;42,74;-16,99;-0,01;0,00
NEMO6;0,00;;0,00;0,00;0,00;37,74;27,71;-9,65;0,00;7,56;7,56;8,63;0,00;0,00;0,00;2,20;-39,77;-2,89;1,90;0,07;0,93;0,30;24,40;;;42,74;-16,99;0,00;0,00
NEOE3;16,95;3,62;6,35;0,94;0,28;23,97;16,39;9,51;3,68;8,48;4,79;1,22;0,60;5,59;-0,36;1,33;14,80;4,48;8,38;0,30;0,69;0,47;16,97;50,84;36.364.428,30;18,03;2,67;0,16;20.610.277.271,04
NGRD3;6,81;0,18;102,99;3,52;2,36;65,05;16,52;7,16;44,66;38,11;-6,55;-0,52;7,38;4,97;-5,97;4,63;3,41;2,29;4,19;0,67;0,33;0,32;;;22.860.108,93;1,94;0,07;1,73;1.625.290.467,30
NORD3;21,25;;-207,84;-1,01;8,17;90,77;121,22;-41,64;71,39;90,29;18,90;;86,54;-3,01;-8,76;0,02;-0,48;-3,93;-1,92;-8,13;9,13;0,09;;;136.406,79;-21,14;-0,10;-1,98;140.706.577,50
NRTQ3;0,00;;0,00;0,00;0,00;30,20;18,39;11,87;0,00;-0,69;-0,69;-0,16;0,00;0,00;0,00;3,80;14,95;10,84;15,75;0,72;0,28;0,91;9,55;6,53;;13,19;1,97;0,00;0,00
NTCO3;49,12;;-104,00;2,47;1,11;64,17;2,14;-1,76;85,64;92,58;6,94;0,20;1,83;26,26;-1,60;1,16;-2,37;-1,07;1,25;0,45;0,55;0,61;36,13;;310.621.858,47;19,89;-0,47;0,20;67.924.134.608,88
NUTR3;395,00;;14,73;3,11;0,75;19,50;7,18;4,56;9,37;10,65;1,28;0,43;0,67;2,22;-1,70;2,56;21,10;5,13;18,16;0,24;0,76;1,12;16,61;;280.785,00;127,11;26,82;-0,16;50.537.880,00
ODER4;1,60;16,01;0,15;0,06;0,03;34,98;25,92;20,60;0,12;0,68;0,56;0,30;0,03;0,08;-0,12;2,08;41,79;20,28;25,66;0,49;0,51;0,98;8,36;;37.500,00;25,19;10,52;0,00;18.059.369,60
ODPV3;13,15;4,43;17,70;5,39;3,44;61,88;32,09;22,40;12,36;10,86;-1,50;-0,65;3,97;12,68;-7,54;1,99;30,46;19,42;29,87;0,64;0,36;0,87;7,15;10,22;15.809.658,87;2,44;0,74;0,35;6.986.526.514,80
OFSA3;36,69;1,67;19,53;3,47;1,78;51,58;15,28;12,88;16,46;17,73;1,26;0,27;2,52;4,54;-4,58;2,80;17,75;9,13;11,73;0,51;0,49;0,71;6,45;5,33;1.466.451,93;10,59;1,88;0,19;1.979.389.030,14
OGXP3;1,63;;-2,15;-0,98;0,92;;;;-9,26;-9,26;0,00;;;-0,98;;0,51;-45,53;-43,02;10,57;-0,94;1,94;0,00;;;;-1,67;-0,76;0,02;52.747.073,84
OIBR3;1,59;;-0,90;1,22;0,13;21,68;-19,51;-113,42;-5,23;-17,46;-12,17;2,84;1,02;0,60;-0,24;1,88;-135,52;-14,26;-15,72;0,11;0,89;0,13;-19,43;;158.475.593,43;1,30;-1,77;-0,05;9.579.172.292,70
OIBR4;2,30;;-1,30;1,76;0,19;21,68;-19,51;-113,42;-7,56;-17,46;-12,17;2,84;1,48;0,87;-0,34;1,88;-135,52;-14,26;-15,72;0,11;0,89;0,13;-19,43;;6.852.314,23;1,30;-1,77;-0,08;9.579.172.292,70
OMGE3;37,01;;660,59;1,99;0,65;39,64;43,24;0,86;13,11;22,44;9,32;1,42;5,67;5,67;-0,79;3,14;0,30;0,10;4,84;0,33;0,66;0,12;50,40;62,86;30.032.738,07;18,58;0,06;-0,35;7.255.297.208,31
OPCT3;7,90;;-69,25;9,99;1,41;19,48;11,06;-3,55;22,23;31,20;8,98;4,03;2,46;21,25;-2,00;1,29;-14,43;-2,03;6,40;0,14;0,86;0,57;;;11.560.796,80;0,79;-0,11;0,21;1.579.680.476,60
ORVR3;23,70;;477,68;20,47;2,52;37,45;26,35;0,90;16,40;19,49;3,09;3,86;4,32;-38,82;-3,29;0,78;4,29;0,53;19,46;0,12;0,88;0,58;;;5.673.278,23;1,16;0,05;21,72;1.693.364.289,00
OSXB3;13,00;;-0,05;-0,01;0,03;100,00;-5.794,61;-8.675,46;-0,07;-7,81;-7,74;;4,08;-0,08;-0,03;0,02;-15,94;-58,50;63,72;-3,67;4,67;0,01;-44,40;;568.707,00;-1.733,99;-276,44;0,00;40.924.494,00
PARD3;19,95;1,34;20,65;3,56;1,33;27,11;13,40;8,47;13,05;13,81;0,76;0,21;1,75;8,65;-2,29;1,57;17,23;6,43;14,10;0,37;0,63;0,76;14,12;8,50;6.631.226,30;5,61;0,97;-1,03;2.613.022.970,25
PATI3;95,99;0,19;9,61;2,90;1,28;17,50;16,43;12,71;7,43;7,37;-0,14;-0,05;1,22;2,56;-6,83;2,60;30,18;13,32;14,13;0,44;0,56;1,05;17,73;75,16;47.529,71;33,09;9,99;0,01;1.772.507.729,25
PATI4;120,00;2,33;12,01;3,63;1,60;17,50;16,43;12,71;9,29;7,37;-0,14;-0,05;1,53;3,20;-8,54;2,60;30,18;13,32;14,13;0,44;0,56;1,05;17,73;75,16;47.329,45;33,09;9,99;0,01;1.772.507.729,25
PCAR3;36,51;5,96;4,05;0,70;0,20;29,16;6,00;5,50;3,72;5,55;1,83;0,35;0,22;-4,73;-0,27;0,87;17,29;4,84;7,96;0,28;0,66;0,88;6,62;;230.563.927,23;52,09;9,01;0,01;9.801.247.280,85
PCAR4;72,11;;8,01;1,38;0,39;29,16;6,00;5,50;7,34;5,55;1,83;0,35;0,44;-9,34;-0,53;0,87;17,29;4,84;7,96;0,28;0,66;0,88;6,62;;;52,09;9,01;0,02;9.801.247.280,85
PDGR3;7,00;;-0,12;-0,01;0,03;34,30;-132,93;-218,36;-0,20;-4,33;-4,13;;0,27;-0,03;-0,16;0,38;-8,44;-26,27;9,12;-3,11;4,11;0,12;-35,22;;1.053.752,90;-667,48;-56,36;0,00;56.468.685,00
PDTC3;8,00;;36,46;6,09;1,67;36,43;10,49;10,17;35,34;36,54;1,19;0,21;3,71;4,82;-7,25;1,82;16,71;4,57;9,30;0,27;0,73;0,45;173,12;;3.520.427,20;1,31;0,22;0,17;627.598.232,00
PEAB3;63,00;47,06;1,74;1,43;0,91;30,66;392,40;256,85;1,14;0,86;-0,30;-0,38;4,48;2,79;-2,47;2,08;82,34;52,47;81,43;0,64;0,36;0,20;-8,83;78,06;84.971,82;43,91;36,15;0,00;828.907.182,39
PEAB4;66,01;49,40;1,83;1,50;0,96;30,66;392,40;256,85;1,20;0,86;-0,30;-0,38;4,69;2,92;-2,59;2,08;82,34;52,47;81,43;0,64;0,36;0,20;-8,83;78,06;30.830,00;43,91;36,15;0,00;828.907.182,39
PETR3;25,55;4,04;46,89;1,07;0,34;45,56;18,24;2,61;6,72;13,40;6,62;1,06;1,23;55,22;-0,39;1,04;2,28;0,72;6,17;0,32;0,68;0,28;-3,29;;485.085.084,07;23,85;0,54;-0,57;337.468.408.364,44
PETR4;26,16;3,03;48,01;1,10;0,35;45,56;18,24;2,61;6,88;13,40;6,62;1,06;1,25;56,53;-0,40;1,04;2,28;0,72;6,17;0,32;0,68;0,28;-3,29;;1.689.778.330,67;23,85;0,54;-0,58;337.468.408.364,44
PETZ3;21,67;0,18;169,78;15,68;4,37;48,33;7,51;3,16;71,43;71,74;0,31;0,07;5,36;47,96;-7,79;1,26;9,24;2,58;11,37;0,28;0,72;0,82;;;83.019.144,10;1,38;0,13;7,17;8.537.789.260,66
PFRM3;6,05;;14,31;0,52;0,20;13,93;2,20;0,95;6,21;8,11;1,90;0,16;0,14;0,80;-0,59;1,61;3,65;1,39;4,52;0,38;0,62;1,46;9,61;;3.170.701,80;11,59;0,42;0,04;749.067.276,65
PGMN3;10,62;;49,08;2,38;0,82;30,92;4,69;1,40;14,65;15,75;1,10;0,18;0,69;3,67;-1,84;1,67;4,86;1,67;10,48;0,34;0,66;1,19;8,17;25,42;10.966.769,40;4,45;0,22;-0,03;4.739.581.742,16
PINE3;0,00;;0,00;0,00;0,00;21,25;-18,97;-9,65;0,00;-1,64;;;0,00;0,00;0,00;0,65;-8,03;-0,46;;0,06;0,94;0,05;4,73;;;5,35;-0,43;0,00;204.675.380,04
PINE4;2,82;;-6,57;0,53;0,03;21,25;-18,97;-9,65;-3,34;-1,64;;;0,63;-0,24;-0,04;0,65;-8,03;-0,46;;0,06;0,94;0,05;4,73;;1.935.552,07;5,35;-0,43;0,15;204.675.380,04
PLAS3;13,90;;-1,65;-0,85;0,28;1,15;-18,61;-24,90;-2,21;-4,09;-1,88;;0,41;-1,33;-0,41;0,60;-51,39;-16,81;352,56;-0,33;1,33;0,68;-5,14;;369.318,57;-16,37;-8,41;0,00;172.713.310,20
PLPL3;6,00;3,26;9,27;5,33;1,27;36,81;16,71;14,67;8,14;8,72;0,57;0,38;1,36;1,63;-21,91;5,92;57,44;13,75;25,06;0,24;0,76;0,94;;;5.338.403,23;1,13;0,65;0,32;1.225.536.000,00
PMAM3;14,81;;-0,75;-1,08;0,18;2,99;-5,35;-20,07;-2,80;-16,05;-13,25;;0,15;-0,26;-0,30;0,38;-145,06;-23,45;-9,10;-0,16;1,16;1,17;-4,39;;18.216.427,93;-13,68;-19,85;0,00;642.811.003,69
PNVL3;18,68;0,73;50,39;2,80;1,29;29,22;3,27;1,99;30,70;33,06;2,36;0,21;1,00;4,05;-3,46;2,03;5,56;2,56;5,37;0,46;0,54;1,28;7,26;4,40;17.183.643,17;6,67;0,37;-1,88;2.829.788.542,10
PNVL4;18,69;0,80;50,42;2,80;1,29;29,22;3,27;1,99;30,72;33,06;2,36;0,21;1,00;4,05;-3,46;2,03;5,56;2,56;5,37;0,46;0,54;1,28;7,26;4,40;324.175,53;6,67;0,37;-1,88;2.829.788.542,10
POMO3;2,51;0,80;31,19;0,92;0,40;15,58;2,58;2,17;26,27;39,60;11,86;0,41;0,68;1,68;-0,85;1,81;2,94;1,28;1,45;0,43;0,56;0,59;5,56;0,36;605.011,03;2,73;0,08;-0,52;2.509.859.904,18
POMO4;2,73;0,73;33,93;1,00;0,43;15,58;2,58;2,17;28,58;39,60;11,86;0,41;0,74;1,82;-0,92;1,81;2,94;1,28;1,45;0,43;0,56;0,59;5,56;0,36;14.570.845,00;2,73;0,08;-0,56;2.509.859.904,18
POSI3;11,22;3,32;8,33;1,54;0,56;20,47;12,67;8,71;5,73;6,52;0,79;0,21;0,73;1,89;-2,59;1,61;18,48;6,76;11,20;0,37;0,63;0,78;3,53;;127.738.716,50;7,29;1,35;0,01;1.590.996.000,00
POWE3;15,40;;44,96;6,22;1,55;10,03;6,46;2,50;17,40;17,63;0,23;0,08;1,12;18,67;-3,79;1,16;13,83;3,45;19,09;0,25;0,75;1,38;;;2.411.216,93;2,48;0,34;-0,78;1.380.684.782,40
PPAR3;14,60;;-11,37;0,02;0,01;;;;-7,45;9,05;16,50;-0,05;;0,43;-0,02;;-0,18;-0,13;-0,28;0,71;0,29;0,00;;;;707,46;-1,28;0,09;1.080.400,00
PPLA11;9,15;;-175,20;5.150,84;47,26;;;;-175,20;-175,20;;;;;-47,26;;-2.940,00;-26,97;;0,01;0,99;0,00;;;75.613,10;0,00;-0,05;1,76;25.754.193,90
PRIO3;18,32;;46,99;3,02;1,72;43,63;48,67;14,66;14,15;13,71;-0,44;-0,09;6,89;9,23;-3,07;1,74;6,42;3,67;13,51;0,57;0,43;0,25;49,72;32,61;415.226.742,50;6,07;0,39;-0,88;16.082.237.771,95
PRNR3;9,33;;-169,68;1,61;1,08;11,21;-1,91;-0,88;-78,25;-68,25;9,99;-0,21;1,50;2,62;-2,75;3,08;-0,95;-0,63;-4,38;0,67;0,33;0,72;;;2.884.625,50;5,81;-0,06;2,61;362.439.029,91
PSSA3;53,17;5,27;9,79;1,98;0,47;100,00;8,48;9,26;10,70;4,62;-6,07;-1,12;0,91;5,26;-1,42;1,15;20,23;4,79;7,37;0,24;0,76;0,52;3,79;11,08;53.857.265,50;26,86;5,43;0,29;17.263.847.802,00
PTBL3;12,08;3,37;14,56;4,47;0,92;34,57;8,68;9,63;16,15;19,62;3,47;0,96;1,40;10,60;-1,67;1,24;30,73;6,30;6,37;0,21;0,79;0,65;4,66;19,48;50.503.903,53;2,70;0,83;0,02;1.866.714.680,88
PTCA11;0,00;;0,00;0,00;0,00;42,91;5,08;4,04;0,00;4,21;4,21;0,53;0,00;0,00;0,00;1,71;9,95;3,51;5,00;0,35;0,65;0,87;62,04;64,28;;13,13;1,31;0,00;0,00
PTCA3;0,00;;0,00;0,00;0,00;42,91;5,08;4,04;0,00;4,21;4,21;0,53;0,00;0,00;0,00;1,71;9,95;3,51;5,00;0,35;0,65;0,87;62,04;64,28;;13,13;1,31;0,00;0,00
PTNT3;13,00;;32,86;2,06;0,89;14,30;6,27;3,39;17,75;13,54;3,26;0,38;1,11;9,93;-1,68;1,24;6,28;2,71;6,34;0,43;0,57;0,80;1,60;-29,08;958.654,10;6,30;0,40;-1,03;361.961.919,20
PTNT4;4,80;;12,13;0,76;0,33;14,30;6,27;3,39;6,55;13,54;3,26;0,38;0,41;3,67;-0,62;1,24;6,28;2,71;6,34;0,43;0,57;0,80;1,60;-29,08;139.582,83;6,30;0,40;-0,38;361.961.919,20
QUAL3;26,95;8,55;19,48;4,53;1,73;81,59;30,07;19,35;12,54;13,54;1,00;0,36;3,77;15,55;-2,75;1,43;23,26;8,90;14,89;0,38;0,62;0,46;3,21;10,41;79.730.615,07;5,93;1,38;-116,79;7.639.985.342,50
QUSW3;0,00;;0,00;0,00;0,00;30,60;16,80;8,40;0,00;0,33;0,33;0,14;0,00;0,00;0,00;1,19;20,73;9,63;18,55;0,46;0,54;1,15;15,13;6,21;;61,97;12,85;0,00;0,00
QVQP3B;0,00;;0,00;0,00;0,00;;;;0,00;1,14;1,14;-0,97;;0,00;;;-84,00;-84,00;-85,33;1,00;0,00;0,00;;;;0,00;0,00;0,00;0,00
RADL3;25,88;0,45;88,25;9,66;3,09;29,36;4,56;2,41;46,67;47,52;0,84;0,17;2,13;19,26;-6,28;1,46;10,95;3,50;13,08;0,32;0,68;1,45;17,66;7,84;135.725.170,27;2,68;0,29;-2,37;42.751.948.400,00
RAIL3;20,94;;130,66;2,54;0,85;32,22;27,97;4,27;19,93;26,15;6,23;0,79;5,57;6,38;-1,11;2,25;1,94;0,65;5,05;0,33;0,67;0,15;10,92;;166.522.103,70;8,25;0,16;-2,11;38.807.543.495,63
RANI3;7,96;3,09;15,54;2,42;1,08;32,92;18,84;11,44;9,44;10,44;1,00;0,26;1,78;3,31;-1,95;3,64;15,60;6,92;11,95;0,44;0,56;0,61;6,30;184,81;22.455.652,07;3,28;0,51;-0,05;2.043.493.070,60
RANI4;5,50;1,06;10,74;1,68;0,74;32,92;18,84;11,44;6,52;10,44;1,00;0,26;1,23;2,28;-1,35;3,64;15,60;6,92;11,95;0,44;0,56;0,61;6,30;184,81;644.391,25;3,28;0,51;-0,03;2.043.493.070,60
RAPT3;12,33;4,93;6,41;1,60;0,47;25,18;18,92;12,39;4,20;5,80;1,13;0,43;0,80;1,88;-1,16;1,75;24,95;7,40;9,99;0,30;0,70;0,60;11,59;;277.742,70;7,70;1,92;0,04;4.731.106.700,25
RAPT4;14,42;4,21;7,50;1,87;0,56;25,18;18,92;12,39;4,92;5,80;1,13;0,43;0,93;2,20;-1,36;1,75;24,95;7,40;9,99;0,30;0,70;0,60;11,59;;40.316.050,57;7,70;1,92;0,04;4.731.106.700,25
RCSL3;7,86;;-436,29;-10,09;10,70;19,77;2,32;-4,79;900,26;421,22;-6,11;;20,90;-1.246,80;-23,36;0,98;-2,31;-2,45;-1,12;-1,06;2,06;0,51;117,05;;16.883.710,47;-0,78;-0,02;7,21;282.898.146,60
RCSL4;1,65;;-91,59;-2,12;2,25;19,77;2,32;-4,79;188,99;421,22;-6,11;;4,39;-261,73;-4,90;0,98;-2,31;-2,45;-1,12;-1,06;2,06;0,51;117,05;;5.661.288,60;-0,78;-0,02;1,51;282.898.146,60
RDNI3;10,81;0,09;94,25;0,76;0,30;26,54;11,61;1,40;11,38;20,19;8,81;0,59;1,32;1,61;-0,48;1,97;0,80;0,32;2,91;0,40;0,60;0,23;-10,68;-15,50;694.591,50;14,29;0,11;-0,68;473.151.624,48
RDOR3;73,70;0,28;341,60;10,45;3,20;18,30;11,67;3,05;89,37;94,39;5,02;0,59;10,43;7,88;-6,30;5,81;3,06;0,94;4,25;0,31;0,69;0,31;;;126.322.037,07;7,05;0,22;-7,35;146.318.611.323,50
RECV3;16,00;;;;;;;;;;;;;;;;;;;;;;;;39.944.126,38;;0,00;;3.805.176.512,00
REDE3;8,84;1,05;20,50;3,25;0,86;21,85;16,20;8,05;10,19;13,04;2,84;0,91;1,65;7,31;-1,35;1,48;15,88;4,20;9,80;0,26;0,74;0,52;6,59;23,64;333.792,17;2,72;0,43;0,74;18.655.258.626,16
RENT3;58,60;0,63;34,20;6,86;2,19;31,27;20,13;12,60;21,41;24,75;3,34;1,07;4,31;71,87;-2,91;1,14;20,07;6,40;9,31;0,32;0,68;0,51;21,28;21,10;305.654.342,80;8,54;1,71;0,66;44.559.916.862,50
RLOG3;23,08;;82,76;4,26;0,23;34,71;29,67;1,85;5,17;12,09;6,92;5,71;1,53;1,49;-0,31;2,64;5,15;0,28;5,46;0,05;0,71;0,15;50,58;42,36;105.214.775,75;5,41;0,28;-2,42;10.691.215.482,28
RNEW11;13,10;;19,49;-0,39;0,19;33,65;-3,93;31,82;-157,75;-668,20;-510,44;;6,20;1,60;-0,34;1,38;-2,03;0,98;-1,17;-0,48;1,48;0,03;-29,67;-28,28;113.503,50;-33,18;0,67;-0,19;437.288.768,20
RNEW3;4,56;;20,36;-0,41;0,20;33,65;-3,93;31,82;-164,74;-668,20;-510,44;;6,48;1,68;-0,35;1,38;-2,03;0,98;-1,17;-0,48;1,48;0,03;-29,67;-28,28;102.777,53;-11,06;0,22;-0,20;437.288.768,20
RNEW4;4,36;;19,46;-0,39;0,19;33,65;-3,93;31,82;-157,51;-668,20;-510,44;;6,19;1,60;-0,34;1,38;-2,03;0,98;-1,17;-0,48;1,48;0,03;-29,67;-28,28;193.389,00;-11,06;0,22;-0,19;437.288.768,20
ROMI3;27,24;7,53;12,94;2,40;1,12;31,66;12,38;14,99;15,66;17,84;2,18;0,33;1,94;3,75;-2,87;1,97;18,51;8,69;8,70;0,47;0,53;0,58;9,91;88,47;50.825.844,80;11,37;2,11;0,15;1.997.616.035,28
RPAD3;7,19;;17,93;0,59;0,59;94,85;34.974,23;35.003,09;17,95;15,51;-0,62;-0,02;6.276,96;48,14;-0,60;2,32;3,30;3,27;3,30;0,99;0,01;0,00;-12,49;-8,01;13.816,32;12,14;0,40;-1,06;547.379.201,28
RPAD5;8,34;6,54;20,80;0,69;0,68;94,85;34.974,23;35.003,09;20,82;15,51;-0,62;-0,02;7.280,93;55,83;-0,70;2,32;3,30;3,27;3,30;0,99;0,01;0,00;-12,49;-8,01;13.138,91;12,14;0,40;-1,23;547.379.201,28
RPAD6;5,60;;13,97;0,46;0,46;94,85;34.974,23;35.003,09;13,98;15,51;-0,62;-0,02;4.888,87;37,49;-0,47;2,32;3,30;3,27;3,30;0,99;0,01;0,00;-12,49;-8,01;26.368,50;12,14;0,40;-0,82;547.379.201,28
RPMG3;4,68;;-0,77;-0,10;0,10;-7,38;-25,80;-27,61;-0,82;-0,82;0,00;;0,21;-0,11;-1,34;0,52;-12,93;-12,76;12,08;-0,99;1,99;0,46;16,06;;2.202.121,80;-47,18;-6,10;-0,01;316.796.823,72
RRRP3;38,00;;-19,40;4,67;2,38;47,99;-84,38;-126,92;-29,18;-28,76;0,42;-0,07;24,62;7,65;-3,76;6,74;-24,07;-12,29;-11,55;0,51;0,49;0,10;;;63.698.440,97;8,14;-1,96;-0,03;5.029.673.996,00
RSID3;11,94;;13,71;-0,37;0,13;44,54;-499,55;19,62;-0,54;-2,72;-2,18;;2,69;-0,17;-0,20;0,33;-2,70;0,92;-132,00;-0,34;1,34;0,05;-42,64;;1.608.827,03;-32,28;0,87;-0,13;204.810.843,78
RSUL3;0,00;;0,00;0,00;0,00;37,28;32,26;-2,92;0,00;0,84;0,07;;0,00;0,00;0,00;0,45;-69,78;-2,41;1.247,87;-0,03;1,03;0,82;11,33;;;-14,03;-9,79;0,00;48.945.600,00
RSUL4;203,94;;-20,83;-14,53;0,50;37,28;32,26;-2,92;1,89;0,84;0,07;;0,61;-1,26;-0,75;0,45;-69,78;-2,41;1.247,87;-0,03;1,03;0,82;11,33;;20.447,00;-14,03;-9,79;0,16;48.945.600,00
SANB11;39,27;4,06;10,35;1,40;0,16;16,96;19,95;14,69;7,62;7,62;;;1,52;;-0,16;;13,56;1,51;;0,11;0,89;0,10;-2,12;6,46;105.640.984,73;28,00;3,80;-0,71;147.346.135.152,15
SANB3;18,64;4,07;9,82;1,33;0,15;16,96;19,95;14,69;7,23;7,62;;;1,44;;-0,15;;13,56;1,51;;0,11;0,89;0,10;-2,12;6,46;1.092.482,40;14,00;1,90;-0,67;147.346.135.152,15
SANB4;20,64;4,05;10,88;1,47;0,16;16,96;19,95;14,69;8,01;7,62;;;1,60;;-0,17;;13,56;1,51;;0,11;0,89;0,10;-2,12;6,46;1.581.911,07;14,00;1,90;-0,75;147.346.135.152,15
SAPR11;20,72;4,79;6,29;0,90;0,47;59,97;32,72;20,76;3,99;5,75;1,77;0,40;1,30;20,37;-0,55;1,21;14,35;7,55;11,34;0,53;0,47;0,36;10,07;17,84;43.314.147,40;22,97;3,30;-0,81;6.271.502.903,85
SAPR3;4,10;4,49;6,22;0,89;0,47;59,97;32,72;20,76;3,95;5,75;1,77;0,40;1,29;20,15;-0,54;1,21;14,35;7,55;11,34;0,53;0,47;0,36;10,07;17,84;2.807.687,03;4,59;0,66;-0,80;6.271.502.903,85
SAPR4;4,13;4,90;6,26;0,90;0,47;59,97;32,72;20,76;3,97;5,75;1,77;0,40;1,30;20,30;-0,55;1,21;14,35;7,55;11,34;0,53;0,47;0,36;10,07;17,84;18.382.411,80;4,59;0,66;-0,81;6.271.502.903,85
SBFG3;27,55;;-59,10;3,42;1,08;43,63;-3,02;-4,68;-91,57;-109,24;-17,67;0,66;2,77;4,64;-2,29;1,78;-5,78;-1,82;-4,32;0,31;0,69;0,39;;;24.509.979,47;8,06;-0,47;0,43;6.680.997.187,46
SBSP3;42,08;0,95;29,55;1,26;0,57;37,18;25,24;5,47;6,40;9,40;2,99;0,59;1,62;53,19;-0,65;1,09;4,27;1,93;10,34;0,45;0,55;0,35;8,73;12,66;132.926.015,37;33,35;1,42;-0,42;28.885.127.063,94
SCAR3;39,15;0,94;23,53;1,45;0,76;80,74;64,47;27,48;10,03;14,63;4,60;0,66;6,47;8,22;-0,88;2,86;6,16;3,22;6,16;0,52;0,47;0,12;-6,59;-11,47;330.773,63;27,00;1,66;4,30;2.260.416.038,85
SEDU3;23,80;;-13,36;15,00;1,53;48,36;-15,73;-25,77;-21,89;-27,94;-6,05;4,15;3,44;57,90;-2,27;1,09;-112,29;-11,46;-13,15;0,10;0,90;0,44;12,49;;;1,59;-1,78;0,01;6.238.667.820,00
SEER3;14,09;2,59;10,99;1,27;0,59;53,56;25,05;13,20;5,79;5,50;-0,29;-0,06;1,45;2,87;-0,90;2,41;11,57;5,34;13,32;0,46;0,54;0,40;4,15;0,49;8.791.964,90;11,08;1,28;0,52;1.813.686.780,40
SEQL3;23,56;;-1.889,38;8,15;2,01;20,68;3,48;-0,15;80,39;89,58;9,19;0,93;2,80;17,19;-3,44;1,39;-0,43;-0,11;2,66;0,25;0,75;0,72;;;27.552.885,27;2,89;-0,01;22,15;3.240.290.390,88
SGPS3;11,37;;-1,77;0,51;0,18;32,98;3,20;-20,91;11,57;27,53;15,96;0,71;0,37;2,11;-0,32;1,25;-29,02;-10,14;-1,12;0,35;0,65;0,49;-7,50;;1.727.858,00;22,12;-6,42;0,00;568.500.000,00
SHOW3;5,94;;-3,69;2,11;0,76;-37,76;-199,18;-271,46;-5,03;-4,31;0,72;-0,30;10,01;5,42;-1,47;1,40;-57,14;-20,51;-28,17;0,36;0,64;0,08;-40,82;;4.742.438,03;2,82;-1,61;-0,07;400.431.016,26
SHUL3;0,00;;0,00;0,00;0,00;22,97;13,67;13,49;0,00;9,19;1,70;0,33;0,00;0,00;0,00;2,28;19,10;7,96;7,62;0,42;0,58;0,59;10,16;24,14;;4,15;0,79;0,00;1.076.627.404,16
SHUL4;10,52;3,31;13,25;2,53;1,05;22,97;13,67;13,49;13,08;9,19;1,70;0,33;1,79;2,87;-3,05;2,28;19,10;7,96;7,62;0,42;0,58;0,59;10,16;24,14;5.703.445,03;4,15;0,79;0,29;1.076.627.404,16
SIMH3;45,40;0,75;23,11;4,10;0,29;23,16;14,96;4,02;6,22;14,68;8,47;5,59;0,93;0,94;-0,53;3,25;17,76;1,27;4,06;0,07;0,88;0,32;10,36;53,42;26.027.251,27;11,06;1,96;0,13;9.363.448.453,20
SLCE3;50,31;3,27;19,72;3,06;1,12;27,63;20,16;12,62;12,34;13,38;1,04;0,26;2,49;5,17;-2,20;1,80;15,51;5,69;10,82;0,37;0,63;0,45;17,07;33,35;74.966.571,07;16,53;2,56;0,35;9.588.834.450,00
SLED3;1,02;;-0,15;-0,12;0,19;30,89;-155,25;-170,34;-0,17;-0,77;-0,65;;0,26;-0,95;-0,34;0,68;-76,97;-125,93;142,46;-1,64;2,64;0,74;-32,61;;1.218.947,87;-8,60;-6,62;0,00;46.724.961,63
SLED4;0,57;;-0,09;-0,07;0,11;30,89;-155,25;-170,34;-0,09;-0,77;-0,65;;0,15;-0,53;-0,19;0,68;-76,97;-125,93;142,46;-1,64;2,64;0,74;-32,61;;1.569.701,33;-8,60;-6,62;0,00;46.724.961,63
SMFT3;0,00;;0,00;0,00;0,00;-0,83;-31,34;-47,65;0,00;-4,06;-4,05;0,65;0,00;0,00;0,00;1,21;-24,25;-7,05;-8,74;0,29;0,71;0,15;18,59;;;110,79;-26,86;0,00;0,00
SMLS3;21,88;24,21;14,50;3,02;0,80;81,93;34,48;33,91;14,25;10,84;-3,41;-0,72;4,92;28,67;-2,05;1,05;20,86;5,49;11,32;0,26;0,74;0,16;;;21.201.448,23;7,24;1,51;-0,22;2.716.597.891,64
SMTO3;32,12;1,69;13,19;3,40;0,94;34,82;35,23;20,07;7,51;10,52;3,02;1,36;2,65;6,50;-1,32;2,01;25,77;7,12;12,82;0,28;0,72;0,35;14,03;17,25;34.183.722,60;9,45;2,44;0,27;11.370.843.887,48
SNSY3;17,00;;-0,94;-0,10;0,33;14,98;-9,89;-27,33;-2,59;-3,81;-2,26;;0,26;-0,95;-0,74;0,62;-10,13;-34,99;4,07;-3,45;4,45;1,28;4,14;;24.647,64;-178,74;-18,12;0,04;78.368.268,80
SNSY5;6,56;;-0,36;-0,04;0,13;14,98;-9,89;-27,33;-1,00;-3,81;-2,26;;0,10;-0,37;-0,28;0,62;-10,13;-34,99;4,07;-3,45;4,45;1,28;4,14;;187.431,73;-178,74;-18,12;0,02;78.368.268,80
SNSY6;13,33;;-0,74;-0,07;0,26;14,98;-9,89;-27,33;-2,03;-3,81;-2,26;;0,20;-0,75;-0,58;0,62;-10,13;-34,99;4,07;-3,45;4,45;1,28;4,14;;1.033,67;-178,74;-18,12;0,03;78.368.268,80
SOJA3;16,70;;;;;;;;;;;;;;;;;;;;;;;;37.749.562,42;;0,00;;1.855.031.324,00
SOMA3;13,20;;-90,13;4,03;2,73;60,87;-6,82;-5,61;-74,13;-70,78;3,35;-0,18;5,05;6,18;-8,03;3,03;-4,47;-3,03;-10,25;0,68;0,32;0,54;;;50.740.430,93;3,21;-0,14;0,58;6.409.960.418,40
SOND3;40,20;;4,68;1,41;1,01;27,94;28,87;32,81;5,32;4,02;-2,38;-0,63;1,54;2,44;-2,52;3,21;30,14;21,51;24,18;0,71;0,29;0,66;-10,40;;13.660,00;28,48;8,58;0,01;118.895.406,00
SOND5;52,74;;6,14;1,85;1,32;27,94;28,87;32,81;6,98;4,02;-2,38;-0,63;2,02;3,20;-3,31;3,21;30,14;21,51;24,18;0,71;0,29;0,66;-10,40;;20.370,91;28,48;8,58;0,02;118.895.406,00
SOND6;49,48;;5,76;1,74;1,24;27,94;28,87;32,81;6,55;4,02;-2,38;-0,63;1,89;3,00;-3,11;3,21;30,14;21,51;24,18;0,71;0,29;0,66;-10,40;;16.576,00;28,48;8,58;0,02;118.895.406,00
SPRT3B;76,40;;-2.717,50;-2.795,73;34.713,49;;;;-2.958,01;-2.958,01;0,00;;;-2.588,38;-34.899,85;0,00;-102,88;-1.277,40;94,51;-12,42;13,42;0,00;;;;-0,03;-0,03;63,96;370.531.748,80
SQIA3;21,56;0,09;286,72;3,80;2,31;35,30;5,62;2,31;117,88;112,90;-4,98;-0,16;6,62;8,63;-3,85;3,00;1,32;0,81;1,53;0,61;0,39;0,35;22,77;-12,74;12.628.528,77;5,68;0,08;-0,73;1.521.032.386,72
STBP3;7,98;;226,50;3,28;1,63;27,96;11,70;2,98;57,66;52,32;-5,34;-0,30;6,75;7,30;-2,30;4,18;1,45;0,72;3,94;0,50;0,50;0,24;-0,73;;51.966.674,00;2,43;0,04;1,32;6.882.577.456,44
STKF3;0,00;;0,00;0,00;0,00;50,06;27,24;12,47;0,00;3,07;3,07;0,30;0,00;0,00;0,00;1,06;4,50;2,53;5,92;0,56;0,44;0,20;14,50;;;4,76;0,21;0,00;0,00
STTR3;0,00;;0,00;0,00;0,00;30,05;11,28;10,87;0,00;-0,70;-0,70;-0,16;0,00;0,00;0,00;3,16;21,76;11,95;14,72;0,55;0,45;1,10;22,02;;;2,13;0,46;0,00;0,00
SULA11;33,42;5,37;6,06;1,77;0,51;13,59;5,09;12,22;14,54;-0,83;-15,38;-1,87;0,74;1,28;-1,67;2,39;29,19;8,46;6,61;0,29;0,71;0,69;4,99;26,05;122.487.100,93;18,89;5,51;0,06;14.193.400.629,10
SULA3;12,48;4,79;6,79;1,98;0,57;13,59;5,09;12,22;16,29;-0,83;-15,38;-1,87;0,83;1,43;-1,87;2,39;29,19;8,46;6,61;0,29;0,71;0,69;4,99;26,05;422.168,80;6,30;1,84;0,07;14.193.400.629,10
SULA4;10,40;5,75;5,66;1,65;0,48;13,59;5,09;12,22;13,58;-0,83;-15,38;-1,87;0,69;1,19;-1,55;2,39;29,19;8,46;6,61;0,29;0,71;0,69;4,99;26,05;539.488,40;6,30;1,84;0,06;14.193.400.629,10
SUZB3;65,21;;-8,28;12,10;0,87;37,73;27,72;-35,21;10,51;18,08;7,56;8,70;2,91;9,07;-1,06;2,20;-146,17;-10,54;1,89;0,07;0,93;0,30;24,40;;459.816.597,87;5,39;-7,88;-0,03;88.686.322.497,60
TAEE11;40,09;11,63;5,63;2,09;0,92;72,86;92,32;64,95;3,96;5,52;1,56;0,82;3,65;8,01;-1,11;2,93;37,20;16,34;22,82;0,44;0,56;0,25;18,22;20,00;89.239.930,30;19,15;7,13;0,05;13.828.186.126,98
TAEE3;13,42;11,58;5,65;2,10;0,92;72,86;92,32;64,95;3,98;5,52;1,56;0,82;3,67;8,05;-1,12;2,93;37,20;16,34;22,82;0,44;0,56;0,25;18,22;20,00;1.489.210,23;6,38;2,38;0,05;13.828.186.126,98
TAEE4;13,28;11,70;5,59;2,08;0,91;72,86;92,32;64,95;3,93;5,52;1,56;0,82;3,63;7,96;-1,11;2,93;37,20;16,34;22,82;0,44;0,56;0,25;18,22;20,00;3.466.190,57;6,38;2,38;0,05;13.828.186.126,98
TASA3;23,78;;4,87;15,53;1,40;44,74;27,80;24,13;4,23;5,16;0,99;3,63;1,18;5,77;-4,06;1,59;318,75;28,79;52,86;0,09;0,91;1,19;16,57;;2.449.229,00;1,53;4,88;-0,01;2.347.622.540,58
TASA4;23,14;;4,74;15,11;1,37;44,74;27,80;24,13;4,12;5,16;0,99;3,63;1,14;5,62;-3,95;1,59;318,75;28,79;52,86;0,09;0,91;1,19;16,57;;56.926.296,67;1,53;4,88;-0,01;2.347.622.540,58
TCNO3;2,52;;33,10;297,92;0,07;;;;-19,72;-56,50;-39,55;597,55;;-0,17;-0,09;0,29;900,00;0,21;-2,52;0,00;1,00;0,00;;;384.980,30;0,01;0,08;-0,29;14.336.585,46
TCNO4;1,97;;25,88;232,89;0,06;;;;-15,42;-56,50;-39,55;597,55;;-0,13;-0,07;0,29;900,00;0,21;-2,52;0,00;1,00;0,00;;;649.087,80;0,01;0,08;-0,23;14.336.585,46
TCSA3;7,95;;-3,55;0,74;0,34;-8,95;-78,92;-91,26;-4,11;-6,04;-1,93;0,35;3,24;1,45;-0,56;2,35;-20,83;-9,45;-11,32;0,45;0,55;0,10;-32,32;;11.791.552,17;10,75;-2,24;0,10;585.272.878,50
TECN3;2,43;;-6,77;0,60;0,32;45,95;-3,93;-11,51;-19,84;-26,25;-6,41;0,19;0,78;0,68;-0,75;5,19;-8,90;-4,70;-3,38;0,53;0,47;0,41;-9,24;;8.478.909,50;4,03;-0,36;0,09;190.770.102,45
TEKA3;37,45;;-0,16;-0,01;0,02;17,33;-1,55;-87,65;-9,23;-257,65;-251,66;;0,14;-0,01;-0,02;0,03;-6,90;-11,55;0,62;-1,67;2,67;0,13;-1,38;;15.332,38;-3.335,26;-230,11;0,02;12.232.221,95
TEKA4;17,73;;-0,08;-0,01;0,01;17,33;-1,55;-87,65;-4,37;-257,65;-251,66;;0,07;0,00;-0,01;0,03;-6,90;-11,55;0,62;-1,67;2,67;0,13;-1,38;;180.915,80;-3.335,26;-230,11;0,01;12.232.221,95
TELB3;76,00;;-48,55;3,32;1,22;-71,84;-26,88;-39,81;-71,90;-50,25;9,70;-0,45;19,33;5,08;-1,76;4,37;-6,84;-2,50;-3,93;0,37;0,63;0,06;42,70;;49.982,50;22,89;-1,57;0,88;4.300.300.981,22
TELB4;29,42;;-18,80;1,29;0,47;-71,84;-26,88;-39,81;-27,83;-50,25;9,70;-0,45;7,48;1,97;-0,68;4,37;-6,84;-2,50;-3,93;0,37;0,63;0,06;42,70;;260.811,90;22,89;-1,57;0,34;4.300.300.981,22
TEND3;25,48;2,63;12,11;1,81;0,64;30,83;11,89;8,89;9,05;9,18;0,13;0,03;1,08;1,47;-1,92;2,88;14,95;5,27;9,86;0,35;0,65;0,59;21,81;46,40;21.983.735,90;14,08;2,10;-2,37;2.658.691.388,08
TESA3;43,46;;-16,66;1,21;0,33;23,29;20,14;-4,61;3,81;7,90;4,09;1,29;0,77;-10,40;-0,50;0,92;-7,24;-1,95;12,82;0,27;0,73;0,42;7,32;;1.782.722,27;36,02;-2,61;0,29;953.187.506,25
TFCO4;13,60;0,29;499,78;64,02;36,18;58,29;15,14;9,66;319,03;318,09;-0,94;-0,19;48,29;71,26;-170,45;2,81;12,81;7,24;12,25;0,57;0,43;0,75;;;1.493.243,20;0,21;0,03;49,06;12.909.721.650,40
TGMA3;22,30;2,38;19,73;2,28;1,39;19,03;11,29;7,72;13,49;13,30;-0,19;-0,03;1,52;4,62;-2,73;2,58;11,57;7,04;9,08;0,61;0,39;0,91;-2,05;49,24;11.166.402,33;9,77;1,13;-0,33;1.471.865.004,50
TIET11;12,54;6,78;5,78;2,67;0,52;93,99;84,49;41,75;2,86;5,44;2,59;2,42;2,41;9,09;-0,67;1,34;46,22;9,00;17,17;0,19;0,81;0,22;-5,19;1,09;31.123.800,68;4,69;2,17;0,03;5.004.795.800,93
TIET3;3,49;4,87;8,05;3,72;0,72;93,99;84,49;41,75;3,98;5,44;2,59;2,42;3,36;12,64;-0,94;1,34;46,22;9,00;17,17;0,19;0,81;0,22;-5,19;1,09;558.793,42;0,94;0,43;0,05;5.004.795.800,93
TIET4;3,51;4,84;8,09;3,74;0,73;93,99;84,49;41,75;4,00;5,44;2,59;2,42;3,38;12,71;-0,94;1,34;46,22;9,00;17,17;0,19;0,81;0,22;-5,19;1,09;1.764.454,32;0,94;0,43;0,05;5.004.795.800,93
TIMS3;12,27;3,65;15,16;1,27;0,72;53,27;16,63;11,26;10,27;12,26;1,99;0,25;1,71;13,85;-0,96;1,27;8,35;4,76;8,16;0,57;0,43;0,42;0,15;-2,43;79.888.425,87;9,69;0,81;-0,33;29.558.021.699,58
TKNO3;69,63;0,52;16,04;1,08;0,85;26,63;13,52;7,02;8,32;5,91;-1,61;-0,21;1,13;2,08;-1,98;3,59;6,72;5,32;8,94;0,79;0,21;0,76;8,49;;;64,60;4,34;0,44;185.348.837,63
TKNO4;55,00;3,49;12,67;0,85;0,67;26,63;13,52;7,02;6,57;5,91;-1,61;-0,21;0,89;1,64;-1,56;3,59;6,72;5,32;8,94;0,79;0,21;0,76;8,49;;15.000,80;64,60;4,34;0,35;185.348.837,63
TOTS3;30,95;0,84;56,95;6,62;3,29;70,54;15,98;11,57;41,23;39,32;-1,91;-0,31;6,59;20,03;-7,63;1,41;11,62;5,78;11,08;0,50;0,50;0,50;6,34;8,63;136.094.917,47;4,68;0,54;2,69;17.921.087.742,81
TOYB3;2,29;;-43,94;-4,97;4,03;24,06;-10,70;-10,96;-45,00;-47,62;-0,63;;4,81;-5,93;-11,89;0,49;-11,31;-9,18;11,93;-0,81;1,81;0,84;-33,11;;;-0,46;-0,05;0,47;71.890.222,22
TOYB4;2,50;;-47,96;-5,43;4,40;24,06;-10,70;-10,96;-49,12;-47,62;-0,63;;5,26;-6,47;-12,98;0,49;-11,31;-9,18;11,93;-0,81;1,81;0,84;-33,11;;;-0,46;-0,05;0,52;71.890.222,22
TPIS3;3,81;1,08;3,54;0,73;0,20;9,07;23,87;19,54;2,90;10,38;7,48;1,90;0,69;-0,99;-0,21;0,22;20,75;5,63;6,75;0,27;0,73;0,29;-16,95;6,45;24.062.453,47;5,19;1,08;-0,02;670.560.000,00
TRIS3;10,02;2,41;10,99;1,54;0,86;35,26;22,65;19,35;9,39;9,71;0,31;0,05;2,13;1,53;-3,77;3,68;14,02;7,81;10,33;0,56;0,44;0,40;18,29;49,27;10.238.945,80;6,50;0,91;0,51;1.869.907.730,76
TRPL3;29,45;10,57;5,46;1,46;0,73;70,21;118,10;89,26;4,13;4,69;0,91;0,32;4,88;8,30;-0,89;2,02;26,69;13,40;19,90;0,50;0,48;0,15;23,49;45,59;187.492,93;20,20;5,39;0,06;17.760.236.457,60
TRPL4;25,35;12,28;4,70;1,26;0,63;70,21;118,10;89,26;3,55;4,69;0,91;0,32;4,20;7,14;-0,76;2,02;26,69;13,40;19,90;0,50;0,48;0,15;23,49;45,59;39.896.331,63;20,20;5,39;0,05;17.760.236.457,60
TUPY3;24,91;;30,85;1,37;0,55;15,55;5,65;2,47;13,50;16,88;3,39;0,34;0,76;1,71;-1,25;2,40;4,44;1,80;4,78;0,40;0,60;0,73;4,44;;38.400.720,27;18,18;0,81;-0,02;3.591.461.525,00
TXRX3;35,01;;-8,33;-0,48;0,78;27,54;4,51;-21,43;39,60;82,34;61,81;;1,79;-0,55;-1,24;0,21;-5,78;-9,35;-4,84;-1,62;2,62;0,44;1,83;;21.831,16;-72,72;-4,20;0,05;77.284.790,67
TXRX4;9,38;;-2,23;-0,13;0,21;27,54;4,51;-21,43;10,61;82,34;61,81;;0,48;-0,15;-0,33;0,21;-5,78;-9,35;-4,84;-1,62;2,62;0,44;1,83;;39.289,53;-72,72;-4,20;0,01;77.284.790,67
UCAS3;5,03;7,84;17,87;2,09;1,31;38,71;14,51;11,29;13,90;11,21;-2,70;-0,41;2,02;4,69;-3,02;1,96;11,69;7,31;9,30;0,62;0,38;0,65;-7,54;2,51;1.137.803,50;2,42;0,28;0,71;332.414.410,92
UGPA3;19,95;2,21;25,73;2,32;0,59;7,06;2,23;1,03;11,92;18,83;6,92;1,35;0,27;2,42;-1,17;2,00;9,02;2,31;4,39;0,26;0,73;2,24;1,43;-9,32;108.012.275,10;8,59;0,78;0,14;22.256.929.953,96
UNIP3;73,75;2,48;18,94;4,00;1,54;34,50;19,35;9,50;9,30;9,25;-0,53;-0,23;1,80;10,54;-2,65;1,54;21,14;8,16;21,10;0,39;0,61;0,86;35,12;33,34;2.412.980,07;18,42;3,89;0,17;7.327.445.480,82
UNIP5;77,50;2,59;19,91;4,21;1,62;34,50;19,35;9,50;9,78;9,25;-0,53;-0,23;1,89;11,08;-2,79;1,54;21,14;8,16;21,10;0,39;0,61;0,86;35,12;33,34;105.709,96;18,42;3,89;0,18;7.327.445.480,82
UNIP6;79,66;2,52;20,46;4,33;1,67;34,50;19,35;9,50;10,05;9,25;-0,53;-0,23;1,94;11,39;-2,86;1,54;21,14;8,16;21,10;0,39;0,61;0,86;35,12;33,34;32.909.948,23;18,42;3,89;0,18;7.327.445.480,82
USIM3;21,06;0,57;12,68;1,67;0,83;26,92;24,81;10,76;5,50;5,77;0,35;0,11;1,36;2,88;-1,45;3,03;13,20;6,53;14,50;0,49;0,43;0,61;9,57;;10.430.921,30;12,58;1,66;-0,02;25.989.938.564,96
USIM5;20,41;0,65;12,29;1,62;0,80;26,92;24,81;10,76;5,33;5,77;0,35;0,11;1,32;2,79;-1,41;3,03;13,20;6,53;14,50;0,49;0,43;0,61;9,57;;507.187.611,67;12,58;1,66;-0,02;25.989.938.564,96
USIM6;28,50;0,46;17,16;2,27;1,12;26,92;24,81;10,76;7,44;5,77;0,35;0,11;1,85;3,90;-1,96;3,03;13,20;6,53;14,50;0,49;0,43;0,61;9,57;;21.915,60;12,58;1,66;-0,02;25.989.938.564,96
VALE3;110,65;6,03;10,39;2,82;1,18;57,52;34,21;22,83;6,93;6,99;0,06;0,03;2,37;9,05;-1,61;1,96;27,13;11,36;24,34;0,42;0,59;0,50;21,72;;2.685.207.042,30;39,26;10,65;0,00;585.097.047.863,04
VAMO3;45,85;;48,40;7,31;2,21;33,99;24,23;12,42;24,81;28,71;3,89;1,15;6,01;14,49;-3,22;1,95;15,11;4,58;8,38;0,30;0,70;0,37;;;23.852.676,83;6,27;0,95;1,03;10.446.967.891,50
VIVA3;26,48;0,60;42,64;5,34;2,92;68,49;19,58;14,00;30,50;29,78;-0,72;-0,13;5,97;7,51;-8,71;2,41;12,52;6,85;12,05;0,55;0,45;0,49;;;21.542.447,87;4,96;0,62;-0,65;6.254.516.923,12
VIVR3;2,58;;-1,52;-1,21;0,85;-31,88;-332,19;-410,76;-1,88;-3,12;-1,24;;6,24;-1,13;-1,33;0,32;-79,54;-55,89;867,79;-0,70;1,70;0,14;-17,04;;10.666.398,37;-2,13;-1,70;0,08;274.788.877,86
VIVT3;43,00;10,56;15,24;1,05;0,67;47,38;15,26;11,06;11,05;12,18;1,14;0,11;1,69;61,32;-0,81;1,07;6,86;4,39;6,45;0,64;0,36;0,40;1,37;6,88;95.159.379,43;41,13;2,82;-3,31;72.695.441.839,77
VIVT4;45,34;5,05;16,07;1,10;0,71;47,38;15,26;11,06;11,65;12,18;1,14;0,11;1,78;64,66;-0,85;1,07;6,86;4,39;6,45;0,64;0,36;0,40;1,37;6,88;111.231.163,93;41,13;2,82;-3,49;72.695.441.839,77
VLID3;9,48;;-3,84;0,70;0,27;17,68;-5,64;-10,44;-7,11;-14,10;-6,99;0,69;0,40;3,64;-0,50;1,20;-18,20;-7,06;-4,81;0,39;0,61;0,68;3,44;;8.550.789,27;13,56;-2,47;0,01;778.027.268,76
VSPT3;0,00;;0,00;0,00;0,00;11,19;2,86;-4,23;0,00;-4,70;-4,70;-0,07;0,00;0,00;0,00;0,69;-2,21;-1,28;0,59;0,58;0,42;0,30;10,22;;;37,72;-0,83;0,00;0,00
VSPT4;0,00;;0,00;0,00;0,00;11,19;2,86;-4,23;0,00;-4,70;-4,70;-0,07;0,00;0,00;0,00;0,69;-2,21;-1,28;0,59;0,58;0,42;0,30;10,22;;;37,72;-0,83;0,00;0,00
VULC3;8,47;;65,89;1,82;1,22;29,53;3,08;2,68;57,35;61,40;4,05;0,13;1,77;2,70;-3,47;3,31;2,76;1,85;2,20;0,67;0,33;0,69;4,07;;4.645.156,13;4,65;0,13;-0,85;2.081.556.250,62
VVAR3;12,12;;19,28;3,24;0,59;32,75;5,60;3,47;11,96;15,73;3,78;1,02;0,67;25,78;-1,40;1,04;16,79;3,04;10,20;0,18;0,82;0,87;8,45;135,03;476.722.806,73;3,74;0,63;-0,11;19.327.984.622,10
WEGE3;32,17;0,96;50,67;11,27;6,38;31,65;16,94;14,15;42,32;41,66;-0,67;-0,18;7,17;19,65;-17,31;2,06;22,25;12,59;19,68;0,57;0,42;0,89;12,35;15,50;355.462.677,93;2,85;0,64;0,97;134.943.773.635,70
WEST3;8,26;;77,54;208,66;9,27;45,12;0,03;4,77;14.632,92;14.325,82;-307,10;-4,38;3,70;-47,65;-25,88;0,77;269,11;11,95;-101,70;0,04;0,96;2,51;;;5.911.160,70;0,04;0,11;0,00;907.240.874,82
WHRL3;7,14;3,43;15,06;5,56;1,51;20,20;10,57;7,69;10,97;9,82;-1,65;-0,83;1,16;14,59;-6,39;1,16;36,94;10,03;31,87;0,27;0,73;1,30;-0,28;19,66;115.162,43;1,28;0,47;-0,25;11.222.940.601,40
WHRL4;8,18;3,30;17,26;6,37;1,73;20,20;10,57;7,69;12,56;9,82;-1,65;-0,83;1,33;16,72;-7,32;1,16;36,94;10,03;31,87;0,27;0,73;1,30;-0,28;19,66;245.034,17;1,28;0,47;-0,29;11.222.940.601,40
WIZS3;10,90;5,59;8,95;5,86;1,82;76,38;40,46;24,25;5,36;4,57;-0,79;-0,86;2,17;-37,10;-2,89;0,88;65,42;20,34;72,59;0,31;0,69;0,84;17,16;14,87;37.400.423,10;1,86;1,22;-1,00;1.742.989.373,80
WLMM3;20,06;0,38;13,43;1,58;1,28;15,57;7,83;5,49;9,41;10,18;-1,65;-0,28;0,74;3,88;-2,24;4,44;11,77;9,55;11,61;0,81;0,19;1,74;14,81;69,04;20.017,68;12,69;1,49;1,45;917.602.013,70
WLMM4;29,49;0,28;19,74;2,32;1,89;15,57;7,83;5,49;13,84;10,18;-1,65;-0,28;1,08;5,70;-3,29;4,44;11,77;9,55;11,61;0,81;0,19;1,74;14,81;69,04;34.668,83;12,69;1,49;2,13;917.602.013,70
WSON33;50,98;9,34;21,30;1,64;0,68;52,66;24,63;8,99;7,77;12,20;4,43;0,93;1,91;12,82;-0,82;1,45;7,70;3,19;6,77;0,41;0,59;0,35;1,54;1,60;2.127.321,20;31,08;2,39;0,11;3.667.697.982,80
YDUQ3;31,73;1,48;99,89;3,06;1,06;54,72;9,25;2,55;27,52;36,56;9,04;1,01;2,54;6,79;-1,50;2,12;3,06;1,06;3,27;0,35;0,65;0,42;5,62;-25,93;73.730.918,67;10,37;0,32;-1,18;9.813.571.019,25
